	dataset_id	dataset_md5	train_nb_spl	train_nb_spl_stable	train_nb_spl_unstable	train_nb_spl_undetermined	train_nb_BAT25_stable	train_nb_BAT25_unstable	train_nb_BAT25_undetermined	train_nb_BAT26_stable	train_nb_BAT26_unstable	train_nb_BAT26_undetermined	train_nb_HT17_stable	train_nb_HT17_unstable	train_nb_HT17_undetermined	train_nb_NR21_stable	train_nb_NR21_unstable	train_nb_NR21_undetermined	train_nb_NR22_stable	train_nb_NR22_unstable	train_nb_NR22_undetermined	train_nb_NR27_stable	train_nb_NR27_unstable	train_nb_NR27_undetermined	learn_exec_time	test_nb_spl	test_nb_spl_stable	test_nb_spl_unstable	test_nb_spl_undetermined	test_nb_BAT25_stable	test_nb_BAT25_unstable	test_nb_BAT25_undetermined	test_nb_BAT26_stable	test_nb_BAT26_unstable	test_nb_BAT26_undetermined	test_nb_HT17_stable	test_nb_HT17_unstable	test_nb_HT17_undetermined	test_nb_NR21_stable	test_nb_NR21_unstable	test_nb_NR21_undetermined	test_nb_NR22_stable	test_nb_NR22_unstable	test_nb_NR22_undetermined	test_nb_NR27_stable	test_nb_NR27_unstable	test_nb_NR27_undetermined	tag_exec_time	train_samples	test_samples
0	0	8a7dbd13be5e64e370eba91fc5c23b6b	171	85	86	0	85	83	3	85	85	1	92	77	2	80	89	2	88	83	0	81	87	3	1862	115	58	57	0	57	56	2	57	56	2	60	55	0	58	56	1	56	59	0	57	57	1	927	spl-001, spl-002, spl-004, spl-005, spl-008, spl-009, spl-012, spl-013, spl-014, spl-015, spl-018, spl-021, spl-022, spl-024, spl-027, spl-028, spl-029, spl-030, spl-033, spl-035, spl-036, spl-037, spl-040, spl-041, spl-042, spl-044, spl-045, spl-048, spl-049, spl-050, spl-051, spl-052, spl-053, spl-054, spl-055, spl-059, spl-060, spl-062, spl-063, spl-065, spl-066, spl-071, spl-072, spl-073, spl-075, spl-077, spl-081, spl-082, spl-084, spl-086, spl-088, spl-089, spl-090, spl-092, spl-095, spl-096, spl-097, spl-099, spl-100, spl-101, spl-103, spl-104, spl-105, spl-106, spl-107, spl-108, spl-111, spl-116, spl-119, spl-122, spl-123, spl-124, spl-128, spl-129, spl-130, spl-131, spl-132, spl-134, spl-135, spl-136, spl-137, spl-138, spl-139, spl-141, spl-142, spl-143, spl-146, spl-150, spl-151, spl-152, spl-154, spl-157, spl-158, spl-159, spl-161, spl-162, spl-163, spl-164, spl-167, spl-169, spl-170, spl-172, spl-173, spl-175, spl-177, spl-179, spl-180, spl-181, spl-183, spl-184, spl-187, spl-188, spl-189, spl-190, spl-191, spl-192, spl-193, spl-195, spl-196, spl-198, spl-199, spl-200, spl-202, spl-206, spl-209, spl-210, spl-211, spl-214, spl-215, spl-216, spl-217, spl-223, spl-224, spl-226, spl-227, spl-229, spl-230, spl-231, spl-232, spl-236, spl-237, spl-238, spl-239, spl-240, spl-242, spl-243, spl-244, spl-245, spl-246, spl-248, spl-249, spl-253, spl-254, spl-257, spl-258, spl-260, spl-261, spl-262, spl-263, spl-264, spl-267, spl-271, spl-272, spl-274, spl-277, spl-279, spl-280, spl-281, spl-283, spl-285, spl-286	spl-043, spl-251, spl-182, spl-007, spl-085, spl-023, spl-064, spl-221, spl-259, spl-083, spl-003, spl-098, spl-109, spl-121, spl-120, spl-147, spl-061, spl-233, spl-032, spl-076, spl-255, spl-219, spl-148, spl-140, spl-178, spl-074, spl-284, spl-058, spl-087, spl-234, spl-218, spl-079, spl-112, spl-235, spl-127, spl-155, spl-069, spl-067, spl-080, spl-213, spl-016, spl-031, spl-133, spl-220, spl-185, spl-265, spl-019, spl-020, spl-252, spl-056, spl-269, spl-034, spl-225, spl-204, spl-046, spl-203, spl-222, spl-156, spl-166, spl-160, spl-241, spl-194, spl-174, spl-068, spl-212, spl-114, spl-010, spl-153, spl-113, spl-273, spl-006, spl-168, spl-144, spl-110, spl-011, spl-091, spl-118, spl-115, spl-093, spl-070, spl-268, spl-176, spl-276, spl-094, spl-125, spl-270, spl-026, spl-117, spl-207, spl-038, spl-256, spl-282, spl-057, spl-266, spl-047, spl-228, spl-149, spl-250, spl-278, spl-197, spl-102, spl-165, spl-208, spl-126, spl-201, spl-171, spl-275, spl-205, spl-078, spl-247, spl-145, spl-186, spl-025, spl-017, spl-039
0	1	58c8ddf00f198ed4334359f04c274127	171	87	84	0	85	85	1	84	85	2	89	81	1	86	83	2	85	86	0	84	86	1	1840	115	56	59	0	57	54	4	58	56	1	63	51	1	52	62	1	59	56	0	54	58	3	975	spl-001, spl-004, spl-005, spl-006, spl-008, spl-013, spl-015, spl-016, spl-017, spl-018, spl-019, spl-020, spl-022, spl-023, spl-024, spl-025, spl-026, spl-027, spl-032, spl-033, spl-034, spl-035, spl-036, spl-037, spl-038, spl-039, spl-043, spl-046, spl-047, spl-048, spl-049, spl-050, spl-051, spl-052, spl-053, spl-054, spl-055, spl-057, spl-058, spl-060, spl-061, spl-062, spl-063, spl-064, spl-065, spl-066, spl-067, spl-068, spl-069, spl-070, spl-086, spl-089, spl-090, spl-092, spl-093, spl-094, spl-095, spl-096, spl-097, spl-098, spl-099, spl-101, spl-103, spl-104, spl-106, spl-108, spl-109, spl-114, spl-115, spl-116, spl-117, spl-118, spl-120, spl-122, spl-124, spl-125, spl-126, spl-127, spl-128, spl-129, spl-130, spl-135, spl-137, spl-142, spl-143, spl-144, spl-145, spl-147, spl-148, spl-150, spl-151, spl-152, spl-153, spl-155, spl-158, spl-160, spl-161, spl-163, spl-165, spl-169, spl-170, spl-172, spl-173, spl-174, spl-175, spl-176, spl-178, spl-179, spl-180, spl-181, spl-182, spl-185, spl-188, spl-189, spl-190, spl-191, spl-192, spl-193, spl-194, spl-195, spl-200, spl-201, spl-202, spl-204, spl-206, spl-208, spl-212, spl-213, spl-214, spl-215, spl-218, spl-219, spl-220, spl-221, spl-223, spl-224, spl-225, spl-226, spl-227, spl-228, spl-229, spl-230, spl-231, spl-233, spl-235, spl-236, spl-238, spl-241, spl-244, spl-248, spl-249, spl-250, spl-253, spl-254, spl-255, spl-256, spl-257, spl-261, spl-262, spl-264, spl-266, spl-271, spl-272, spl-274, spl-276, spl-277, spl-279, spl-281, spl-282, spl-284, spl-286	spl-082, spl-251, spl-029, spl-007, spl-085, spl-030, spl-040, spl-210, spl-077, spl-259, spl-083, spl-014, spl-003, spl-258, spl-139, spl-280, spl-021, spl-121, spl-187, spl-041, spl-199, spl-073, spl-076, spl-028, spl-140, spl-074, spl-216, spl-087, spl-234, spl-167, spl-177, spl-285, spl-079, spl-112, spl-283, spl-209, spl-080, spl-198, spl-031, spl-183, spl-267, spl-133, spl-136, spl-265, spl-072, spl-252, spl-056, spl-269, spl-162, spl-105, spl-081, spl-100, spl-045, spl-217, spl-232, spl-203, spl-222, spl-111, spl-156, spl-164, spl-042, spl-166, spl-059, spl-141, spl-242, spl-075, spl-010, spl-107, spl-113, spl-273, spl-211, spl-168, spl-110, spl-134, spl-123, spl-011, spl-091, spl-044, spl-263, spl-012, spl-132, spl-138, spl-268, spl-196, spl-260, spl-184, spl-159, spl-270, spl-207, spl-009, spl-157, spl-240, spl-239, spl-119, spl-154, spl-149, spl-246, spl-243, spl-278, spl-197, spl-102, spl-131, spl-245, spl-171, spl-275, spl-205, spl-084, spl-071, spl-002, spl-088, spl-146, spl-078, spl-247, spl-186, spl-237
0	2	59dcc0cb5eaad9d26f8e55b1eaf2c89f	171	84	87	0	84	83	4	85	84	2	93	77	1	79	89	3	85	86	0	83	85	3	1942	115	59	56	0	58	56	1	57	57	1	59	55	1	59	56	0	59	56	0	55	59	1	835	spl-001, spl-003, spl-005, spl-006, spl-007, spl-008, spl-009, spl-010, spl-011, spl-012, spl-014, spl-016, spl-019, spl-020, spl-021, spl-025, spl-026, spl-027, spl-028, spl-029, spl-030, spl-033, spl-035, spl-036, spl-039, spl-041, spl-042, spl-044, spl-045, spl-046, spl-047, spl-049, spl-052, spl-053, spl-054, spl-055, spl-056, spl-057, spl-058, spl-059, spl-060, spl-061, spl-063, spl-065, spl-069, spl-070, spl-071, spl-074, spl-076, spl-080, spl-081, spl-082, spl-083, spl-085, spl-086, spl-090, spl-091, spl-092, spl-095, spl-098, spl-099, spl-101, spl-102, spl-105, spl-108, spl-109, spl-112, spl-113, spl-115, spl-117, spl-118, spl-119, spl-122, spl-126, spl-127, spl-131, spl-132, spl-133, spl-134, spl-136, spl-137, spl-141, spl-143, spl-144, spl-145, spl-146, spl-147, spl-148, spl-149, spl-151, spl-152, spl-153, spl-156, spl-159, spl-160, spl-161, spl-163, spl-164, spl-165, spl-166, spl-167, spl-168, spl-170, spl-172, spl-173, spl-174, spl-175, spl-178, spl-180, spl-181, spl-182, spl-185, spl-186, spl-188, spl-189, spl-190, spl-191, spl-192, spl-194, spl-195, spl-196, spl-197, spl-199, spl-200, spl-202, spl-204, spl-206, spl-208, spl-210, spl-213, spl-215, spl-216, spl-217, spl-218, spl-221, spl-222, spl-223, spl-224, spl-228, spl-229, spl-230, spl-234, spl-235, spl-236, spl-237, spl-238, spl-239, spl-240, spl-242, spl-243, spl-245, spl-247, spl-248, spl-253, spl-254, spl-257, spl-258, spl-261, spl-262, spl-264, spl-265, spl-268, spl-273, spl-274, spl-276, spl-280, spl-281, spl-282, spl-284, spl-285, spl-286	spl-043, spl-251, spl-249, spl-023, spl-064, spl-066, spl-040, spl-077, spl-259, spl-024, spl-139, spl-193, spl-121, spl-120, spl-022, spl-187, spl-018, spl-073, spl-233, spl-032, spl-255, spl-219, spl-129, spl-015, spl-140, spl-096, spl-087, spl-177, spl-079, spl-283, spl-124, spl-155, spl-106, spl-279, spl-209, spl-067, spl-158, spl-198, spl-116, spl-244, spl-031, spl-183, spl-267, spl-220, spl-169, spl-130, spl-072, spl-050, spl-252, spl-048, spl-179, spl-269, spl-162, spl-034, spl-135, spl-214, spl-225, spl-062, spl-104, spl-100, spl-232, spl-097, spl-203, spl-111, spl-241, spl-142, spl-089, spl-051, spl-075, spl-068, spl-212, spl-114, spl-107, spl-211, spl-110, spl-123, spl-263, spl-138, spl-093, spl-150, spl-227, spl-128, spl-176, spl-260, spl-184, spl-277, spl-272, spl-013, spl-094, spl-125, spl-270, spl-207, spl-038, spl-037, spl-157, spl-256, spl-004, spl-266, spl-154, spl-271, spl-246, spl-250, spl-278, spl-103, spl-201, spl-171, spl-275, spl-226, spl-205, spl-084, spl-231, spl-002, spl-088, spl-078, spl-017
0	3	9eff24f8705fe0dbc2f146453c003cb6	171	86	85	0	86	83	2	85	85	1	91	79	1	82	88	1	87	84	0	83	87	1	1926	115	57	58	0	56	56	3	57	56	2	61	53	1	56	57	2	57	58	0	55	57	3	950	spl-001, spl-003, spl-004, spl-005, spl-006, spl-007, spl-008, spl-009, spl-010, spl-011, spl-013, spl-014, spl-015, spl-017, spl-019, spl-020, spl-021, spl-022, spl-025, spl-026, spl-028, spl-030, spl-031, spl-033, spl-034, spl-035, spl-036, spl-037, spl-038, spl-039, spl-040, spl-042, spl-044, spl-047, spl-049, spl-055, spl-056, spl-059, spl-060, spl-062, spl-063, spl-064, spl-065, spl-066, spl-067, spl-068, spl-069, spl-070, spl-072, spl-073, spl-075, spl-076, spl-077, spl-078, spl-079, spl-083, spl-084, spl-085, spl-086, spl-090, spl-093, spl-094, spl-095, spl-100, spl-101, spl-105, spl-109, spl-111, spl-112, spl-113, spl-117, spl-118, spl-119, spl-120, spl-121, spl-126, spl-127, spl-129, spl-130, spl-131, spl-132, spl-133, spl-134, spl-136, spl-137, spl-138, spl-139, spl-140, spl-142, spl-145, spl-146, spl-150, spl-151, spl-152, spl-154, spl-164, spl-165, spl-168, spl-169, spl-173, spl-179, spl-180, spl-181, spl-184, spl-185, spl-186, spl-187, spl-188, spl-189, spl-190, spl-191, spl-192, spl-197, spl-198, spl-199, spl-202, spl-204, spl-205, spl-206, spl-207, spl-208, spl-209, spl-210, spl-211, spl-212, spl-213, spl-214, spl-216, spl-218, spl-220, spl-224, spl-225, spl-226, spl-227, spl-228, spl-229, spl-231, spl-233, spl-234, spl-238, spl-239, spl-240, spl-241, spl-242, spl-243, spl-244, spl-246, spl-247, spl-250, spl-252, spl-253, spl-254, spl-257, spl-262, spl-265, spl-267, spl-268, spl-270, spl-271, spl-272, spl-274, spl-275, spl-276, spl-277, spl-279, spl-280, spl-281, spl-282, spl-283, spl-284, spl-286	spl-082, spl-043, spl-251, spl-029, spl-182, spl-249, spl-023, spl-221, spl-236, spl-259, spl-024, spl-258, spl-098, spl-193, spl-041, spl-147, spl-061, spl-018, spl-032, spl-255, spl-219, spl-215, spl-148, spl-178, spl-074, spl-096, spl-172, spl-058, spl-143, spl-087, spl-167, spl-177, spl-285, spl-124, spl-235, spl-155, spl-092, spl-106, spl-170, spl-158, spl-027, spl-080, spl-116, spl-016, spl-183, spl-108, spl-175, spl-200, spl-261, spl-050, spl-053, spl-048, spl-269, spl-223, spl-162, spl-135, spl-099, spl-081, spl-104, spl-045, spl-217, spl-232, spl-046, spl-097, spl-203, spl-222, spl-156, spl-166, spl-160, spl-163, spl-089, spl-141, spl-051, spl-194, spl-174, spl-114, spl-153, spl-107, spl-273, spl-144, spl-110, spl-161, spl-123, spl-091, spl-263, spl-012, spl-115, spl-196, spl-128, spl-264, spl-176, spl-260, spl-230, spl-052, spl-159, spl-125, spl-195, spl-157, spl-122, spl-256, spl-057, spl-266, spl-149, spl-248, spl-054, spl-278, spl-102, spl-245, spl-103, spl-201, spl-171, spl-071, spl-002, spl-088, spl-237
0	4	7ebd03960941225219691cb8747c80da	171	91	80	0	93	74	4	89	81	1	95	76	0	87	82	2	92	79	0	88	80	3	1902	115	52	63	0	49	65	1	53	60	2	57	56	2	51	63	1	52	63	0	50	64	1	772	spl-001, spl-002, spl-005, spl-007, spl-008, spl-009, spl-010, spl-011, spl-014, spl-017, spl-018, spl-019, spl-020, spl-022, spl-024, spl-025, spl-029, spl-030, spl-032, spl-035, spl-036, spl-037, spl-040, spl-046, spl-047, spl-049, spl-051, spl-053, spl-054, spl-055, spl-057, spl-059, spl-062, spl-063, spl-065, spl-066, spl-067, spl-071, spl-072, spl-073, spl-074, spl-075, spl-078, spl-081, spl-082, spl-084, spl-085, spl-086, spl-087, spl-088, spl-090, spl-092, spl-093, spl-096, spl-097, spl-099, spl-101, spl-103, spl-104, spl-105, spl-107, spl-108, spl-109, spl-110, spl-112, spl-113, spl-114, spl-115, spl-117, spl-118, spl-119, spl-120, spl-123, spl-124, spl-125, spl-128, spl-129, spl-130, spl-131, spl-132, spl-134, spl-135, spl-137, spl-140, spl-141, spl-142, spl-144, spl-147, spl-148, spl-149, spl-150, spl-151, spl-152, spl-154, spl-156, spl-157, spl-158, spl-161, spl-162, spl-165, spl-166, spl-168, spl-173, spl-174, spl-175, spl-177, spl-178, spl-179, spl-180, spl-182, spl-184, spl-185, spl-189, spl-190, spl-193, spl-194, spl-196, spl-198, spl-199, spl-200, spl-201, spl-202, spl-207, spl-209, spl-210, spl-211, spl-212, spl-213, spl-214, spl-215, spl-216, spl-217, spl-220, spl-221, spl-222, spl-223, spl-224, spl-225, spl-228, spl-233, spl-235, spl-237, spl-238, spl-240, spl-241, spl-244, spl-246, spl-247, spl-248, spl-250, spl-251, spl-254, spl-255, spl-256, spl-257, spl-259, spl-261, spl-263, spl-264, spl-266, spl-267, spl-271, spl-273, spl-274, spl-276, spl-277, spl-279, spl-280, spl-281, spl-282, spl-284	spl-043, spl-249, spl-023, spl-064, spl-236, spl-077, spl-083, spl-003, spl-258, spl-060, spl-139, spl-098, spl-021, spl-121, spl-187, spl-041, spl-061, spl-076, spl-219, spl-015, spl-028, spl-172, spl-058, spl-143, spl-286, spl-206, spl-234, spl-167, spl-095, spl-218, spl-285, spl-079, spl-283, spl-127, spl-155, spl-069, spl-106, spl-170, spl-253, spl-027, spl-080, spl-116, spl-016, spl-031, spl-183, spl-133, spl-136, spl-229, spl-181, spl-169, spl-265, spl-050, spl-252, spl-048, spl-056, spl-269, spl-034, spl-033, spl-204, spl-100, spl-045, spl-188, spl-232, spl-203, spl-111, spl-164, spl-042, spl-192, spl-160, spl-163, spl-089, spl-191, spl-242, spl-068, spl-153, spl-006, spl-091, spl-044, spl-012, spl-138, spl-227, spl-070, spl-268, spl-176, spl-260, spl-230, spl-272, spl-013, spl-052, spl-159, spl-094, spl-195, spl-270, spl-026, spl-038, spl-122, spl-262, spl-004, spl-239, spl-243, spl-278, spl-197, spl-102, spl-245, spl-208, spl-126, spl-171, spl-275, spl-226, spl-205, spl-231, spl-146, spl-145, spl-186, spl-039
0	5	a59a056c7fb9c23d597927801f896917	171	88	83	0	86	81	4	86	84	1	89	81	1	84	85	2	86	85	0	84	84	3	1724	115	55	60	0	56	58	1	56	57	2	63	51	1	54	60	1	58	57	0	54	60	1	1011	spl-003, spl-004, spl-005, spl-006, spl-007, spl-009, spl-010, spl-011, spl-013, spl-014, spl-015, spl-016, spl-018, spl-020, spl-025, spl-026, spl-029, spl-034, spl-037, spl-038, spl-039, spl-040, spl-046, spl-047, spl-048, spl-049, spl-052, spl-054, spl-055, spl-057, spl-059, spl-061, spl-062, spl-063, spl-065, spl-067, spl-068, spl-070, spl-072, spl-073, spl-074, spl-076, spl-077, spl-079, spl-082, spl-084, spl-086, spl-088, spl-089, spl-090, spl-093, spl-096, spl-098, spl-099, spl-101, spl-103, spl-105, spl-107, spl-108, spl-110, spl-117, spl-120, spl-121, spl-122, spl-123, spl-124, spl-125, spl-126, spl-128, spl-131, spl-133, spl-137, spl-138, spl-140, spl-141, spl-142, spl-143, spl-145, spl-146, spl-148, spl-150, spl-152, spl-153, spl-155, spl-158, spl-159, spl-160, spl-161, spl-162, spl-168, spl-170, spl-171, spl-172, spl-173, spl-176, spl-177, spl-178, spl-179, spl-180, spl-181, spl-182, spl-183, spl-184, spl-185, spl-186, spl-187, spl-188, spl-190, spl-193, spl-194, spl-198, spl-199, spl-200, spl-202, spl-203, spl-204, spl-206, spl-207, spl-210, spl-213, spl-214, spl-215, spl-216, spl-220, spl-221, spl-222, spl-223, spl-224, spl-225, spl-226, spl-227, spl-230, spl-232, spl-233, spl-236, spl-237, spl-238, spl-241, spl-243, spl-244, spl-246, spl-247, spl-248, spl-249, spl-250, spl-251, spl-252, spl-254, spl-255, spl-258, spl-260, spl-262, spl-264, spl-266, spl-267, spl-268, spl-269, spl-270, spl-271, spl-273, spl-274, spl-275, spl-277, spl-278, spl-279, spl-280, spl-282, spl-283, spl-284, spl-285, spl-286	spl-043, spl-085, spl-008, spl-023, spl-064, spl-066, spl-030, spl-259, spl-083, spl-024, spl-060, spl-139, spl-109, spl-021, spl-022, spl-041, spl-147, spl-032, spl-219, spl-129, spl-028, spl-058, spl-087, spl-234, spl-167, spl-095, spl-218, spl-112, spl-235, spl-127, spl-092, spl-069, spl-106, spl-209, spl-253, spl-027, spl-080, spl-116, spl-031, spl-175, spl-136, spl-229, spl-169, spl-265, spl-130, spl-261, spl-050, spl-019, spl-053, spl-056, spl-135, spl-033, spl-189, spl-036, spl-081, spl-035, spl-104, spl-100, spl-045, spl-217, spl-281, spl-097, spl-111, spl-156, spl-257, spl-164, spl-042, spl-166, spl-192, spl-163, spl-191, spl-051, spl-242, spl-075, spl-174, spl-212, spl-114, spl-113, spl-211, spl-144, spl-001, spl-134, spl-091, spl-044, spl-263, spl-012, spl-132, spl-118, spl-115, spl-196, spl-276, spl-272, spl-094, spl-195, spl-157, spl-256, spl-240, spl-239, spl-119, spl-228, spl-154, spl-149, spl-197, spl-102, spl-165, spl-245, spl-208, spl-201, spl-205, spl-071, spl-231, spl-002, spl-151, spl-078, spl-017
0	6	17da838c84ab1d9d98fab2e40997998b	171	82	89	0	82	85	4	83	87	1	87	82	2	81	87	3	82	89	0	79	89	3	1812	115	61	54	0	60	54	1	59	54	2	65	50	0	57	58	0	62	53	0	59	55	1	997	spl-002, spl-003, spl-004, spl-006, spl-007, spl-008, spl-009, spl-011, spl-012, spl-013, spl-014, spl-015, spl-017, spl-018, spl-019, spl-021, spl-022, spl-024, spl-025, spl-026, spl-027, spl-032, spl-033, spl-039, spl-041, spl-045, spl-046, spl-049, spl-050, spl-053, spl-054, spl-055, spl-058, spl-060, spl-061, spl-062, spl-063, spl-064, spl-072, spl-073, spl-075, spl-076, spl-077, spl-079, spl-080, spl-082, spl-084, spl-086, spl-087, spl-088, spl-090, spl-092, spl-093, spl-095, spl-097, spl-099, spl-100, spl-102, spl-103, spl-104, spl-106, spl-110, spl-111, spl-114, spl-115, spl-116, spl-117, spl-119, spl-121, spl-122, spl-123, spl-124, spl-126, spl-127, spl-129, spl-130, spl-131, spl-132, spl-134, spl-135, spl-136, spl-139, spl-142, spl-143, spl-145, spl-146, spl-147, spl-148, spl-149, spl-150, spl-151, spl-153, spl-154, spl-156, spl-157, spl-158, spl-160, spl-161, spl-162, spl-163, spl-164, spl-166, spl-167, spl-168, spl-169, spl-172, spl-174, spl-175, spl-176, spl-179, spl-180, spl-181, spl-182, spl-186, spl-188, spl-190, spl-191, spl-192, spl-193, spl-195, spl-198, spl-199, spl-200, spl-202, spl-204, spl-205, spl-206, spl-208, spl-209, spl-210, spl-212, spl-214, spl-215, spl-217, spl-218, spl-222, spl-223, spl-224, spl-226, spl-227, spl-229, spl-232, spl-233, spl-235, spl-236, spl-242, spl-243, spl-244, spl-249, spl-251, spl-252, spl-254, spl-255, spl-256, spl-257, spl-259, spl-261, spl-262, spl-263, spl-264, spl-266, spl-267, spl-268, spl-269, spl-271, spl-272, spl-273, spl-274, spl-276, spl-285, spl-286	spl-043, spl-029, spl-085, spl-023, spl-066, spl-005, spl-221, spl-030, spl-137, spl-040, spl-083, spl-258, spl-098, spl-101, spl-109, spl-280, spl-120, spl-187, spl-219, spl-028, spl-152, spl-140, spl-178, spl-074, spl-096, spl-284, spl-216, spl-234, spl-177, spl-065, spl-112, spl-283, spl-155, spl-069, spl-279, spl-170, spl-253, spl-067, spl-213, spl-016, spl-031, spl-183, spl-108, spl-133, spl-220, spl-185, spl-265, spl-020, spl-048, spl-056, spl-238, spl-034, spl-105, spl-189, spl-225, spl-036, spl-081, spl-035, spl-173, spl-281, spl-203, spl-042, spl-059, spl-241, spl-089, spl-141, spl-051, spl-194, spl-068, spl-010, spl-107, spl-113, spl-211, spl-144, spl-001, spl-091, spl-044, spl-118, spl-138, spl-070, spl-196, spl-128, spl-260, spl-184, spl-230, spl-277, spl-052, spl-159, spl-094, spl-125, spl-270, spl-207, spl-038, spl-037, spl-240, spl-282, spl-239, spl-057, spl-047, spl-228, spl-246, spl-248, spl-250, spl-278, spl-197, spl-165, spl-245, spl-201, spl-171, spl-275, spl-071, spl-231, spl-078, spl-247, spl-237
0	7	f23989ed69adf15aedeaa4b668db49b9	171	87	84	0	85	85	1	84	85	2	90	80	1	84	86	1	86	85	0	83	87	1	1847	115	56	59	0	57	54	4	58	56	1	62	52	1	54	59	2	58	57	0	55	57	3	894	spl-001, spl-003, spl-005, spl-008, spl-009, spl-011, spl-012, spl-013, spl-015, spl-019, spl-020, spl-021, spl-023, spl-025, spl-026, spl-029, spl-031, spl-033, spl-034, spl-035, spl-036, spl-037, spl-038, spl-039, spl-043, spl-044, spl-045, spl-046, spl-047, spl-048, spl-049, spl-050, spl-051, spl-052, spl-053, spl-054, spl-055, spl-059, spl-060, spl-063, spl-065, spl-068, spl-069, spl-070, spl-072, spl-073, spl-074, spl-075, spl-076, spl-077, spl-080, spl-082, spl-083, spl-084, spl-085, spl-086, spl-087, spl-088, spl-089, spl-090, spl-093, spl-096, spl-098, spl-099, spl-102, spl-105, spl-107, spl-108, spl-109, spl-110, spl-113, spl-114, spl-117, spl-119, spl-120, spl-121, spl-123, spl-124, spl-125, spl-126, spl-128, spl-129, spl-130, spl-131, spl-132, spl-133, spl-136, spl-137, spl-141, spl-142, spl-143, spl-144, spl-145, spl-147, spl-149, spl-151, spl-156, spl-157, spl-158, spl-159, spl-161, spl-164, spl-165, spl-169, spl-171, spl-172, spl-175, spl-176, spl-178, spl-179, spl-181, spl-184, spl-185, spl-186, spl-187, spl-188, spl-189, spl-190, spl-192, spl-193, spl-196, spl-197, spl-198, spl-201, spl-202, spl-204, spl-205, spl-206, spl-207, spl-208, spl-210, spl-212, spl-214, spl-216, spl-217, spl-218, spl-220, spl-222, spl-223, spl-227, spl-231, spl-232, spl-233, spl-234, spl-235, spl-236, spl-237, spl-238, spl-239, spl-242, spl-245, spl-247, spl-248, spl-249, spl-251, spl-258, spl-262, spl-263, spl-264, spl-266, spl-270, spl-271, spl-272, spl-274, spl-275, spl-276, spl-277, spl-279, spl-283, spl-284, spl-286	spl-182, spl-007, spl-064, spl-066, spl-221, spl-030, spl-040, spl-259, spl-024, spl-014, spl-139, spl-101, spl-280, spl-022, spl-041, spl-061, spl-199, spl-018, spl-032, spl-255, spl-219, spl-215, spl-028, spl-152, spl-148, spl-140, spl-058, spl-167, spl-095, spl-177, spl-285, spl-079, spl-112, spl-127, spl-155, spl-092, spl-106, spl-209, spl-170, spl-253, spl-067, spl-027, spl-213, spl-116, spl-016, spl-244, spl-183, spl-267, spl-229, spl-265, spl-200, spl-261, spl-252, spl-056, spl-269, spl-162, spl-135, spl-225, spl-224, spl-062, spl-081, spl-173, spl-104, spl-100, spl-281, spl-097, spl-203, spl-111, spl-257, spl-042, spl-166, spl-160, spl-241, spl-163, spl-191, spl-194, spl-174, spl-010, spl-153, spl-273, spl-006, spl-211, spl-168, spl-134, spl-091, spl-118, spl-138, spl-115, spl-150, spl-268, spl-260, spl-230, spl-254, spl-094, spl-195, spl-122, spl-256, spl-240, spl-282, spl-004, spl-057, spl-228, spl-154, spl-246, spl-243, spl-250, spl-278, spl-103, spl-226, spl-071, spl-002, spl-146, spl-078, spl-180, spl-017
0	8	4e3ace997c817a256e0b3358a12b73e2	171	88	83	0	86	81	4	85	83	3	92	78	1	87	82	2	88	83	0	85	82	4	1839	115	55	60	0	56	58	1	57	58	0	60	54	1	51	63	1	56	59	0	53	62	0	934	spl-002, spl-003, spl-005, spl-006, spl-007, spl-008, spl-010, spl-012, spl-014, spl-016, spl-018, spl-020, spl-023, spl-025, spl-027, spl-030, spl-031, spl-032, spl-033, spl-035, spl-036, spl-038, spl-042, spl-043, spl-044, spl-047, spl-049, spl-050, spl-054, spl-055, spl-058, spl-060, spl-063, spl-065, spl-066, spl-067, spl-068, spl-070, spl-073, spl-075, spl-077, spl-078, spl-079, spl-080, spl-082, spl-083, spl-084, spl-085, spl-086, spl-091, spl-092, spl-093, spl-095, spl-096, spl-098, spl-101, spl-102, spl-104, spl-105, spl-106, spl-108, spl-109, spl-110, spl-114, spl-115, spl-116, spl-117, spl-118, spl-121, spl-125, spl-126, spl-127, spl-128, spl-130, spl-131, spl-134, spl-135, spl-136, spl-140, spl-141, spl-142, spl-143, spl-144, spl-145, spl-149, spl-150, spl-151, spl-154, spl-155, spl-156, spl-158, spl-160, spl-161, spl-163, spl-164, spl-165, spl-166, spl-167, spl-169, spl-170, spl-171, spl-172, spl-173, spl-178, spl-180, spl-182, spl-183, spl-185, spl-186, spl-188, spl-190, spl-191, spl-192, spl-193, spl-195, spl-196, spl-197, spl-198, spl-200, spl-204, spl-207, spl-208, spl-209, spl-210, spl-212, spl-215, spl-218, spl-221, spl-223, spl-224, spl-225, spl-228, spl-229, spl-230, spl-231, spl-232, spl-233, spl-234, spl-235, spl-236, spl-237, spl-238, spl-240, spl-241, spl-243, spl-244, spl-247, spl-248, spl-250, spl-253, spl-254, spl-256, spl-257, spl-258, spl-259, spl-261, spl-262, spl-264, spl-265, spl-267, spl-269, spl-270, spl-273, spl-274, spl-275, spl-279, spl-280, spl-282, spl-283, spl-284, spl-286	spl-251, spl-029, spl-249, spl-090, spl-064, spl-137, spl-040, spl-024, spl-139, spl-021, spl-120, spl-022, spl-187, spl-041, spl-147, spl-061, spl-199, spl-076, spl-255, spl-219, spl-129, spl-015, spl-028, spl-152, spl-148, spl-074, spl-216, spl-087, spl-206, spl-177, spl-285, spl-112, spl-124, spl-069, spl-213, spl-133, spl-175, spl-220, spl-181, spl-072, spl-019, spl-252, spl-053, spl-048, spl-056, spl-179, spl-162, spl-034, spl-214, spl-189, spl-099, spl-062, spl-081, spl-100, spl-045, spl-217, spl-046, spl-281, spl-097, spl-203, spl-222, spl-111, spl-059, spl-089, spl-051, spl-194, spl-242, spl-174, spl-153, spl-107, spl-113, spl-211, spl-168, spl-001, spl-123, spl-011, spl-263, spl-132, spl-138, spl-227, spl-268, spl-176, spl-260, spl-276, spl-184, spl-202, spl-277, spl-272, spl-013, spl-052, spl-159, spl-094, spl-026, spl-037, spl-009, spl-157, spl-122, spl-004, spl-239, spl-119, spl-057, spl-266, spl-271, spl-246, spl-278, spl-245, spl-103, spl-201, spl-226, spl-205, spl-071, spl-088, spl-146, spl-017, spl-039
0	9	63ed83177cf57f176d5a3c1783ffd447	171	83	88	0	83	86	2	84	86	1	88	82	1	81	88	2	83	88	0	78	91	2	1752	115	60	55	0	59	53	3	58	55	2	64	50	1	57	57	1	61	54	0	60	53	2	832	spl-002, spl-003, spl-005, spl-008, spl-010, spl-011, spl-012, spl-013, spl-014, spl-015, spl-017, spl-018, spl-019, spl-020, spl-021, spl-022, spl-023, spl-024, spl-025, spl-026, spl-027, spl-028, spl-029, spl-030, spl-032, spl-037, spl-038, spl-039, spl-044, spl-046, spl-049, spl-050, spl-051, spl-054, spl-056, spl-058, spl-059, spl-064, spl-066, spl-070, spl-072, spl-074, spl-075, spl-078, spl-085, spl-086, spl-088, spl-089, spl-090, spl-091, spl-092, spl-095, spl-097, spl-098, spl-099, spl-101, spl-102, spl-103, spl-104, spl-105, spl-106, spl-108, spl-111, spl-112, spl-113, spl-114, spl-118, spl-119, spl-120, spl-121, spl-122, spl-124, spl-125, spl-126, spl-128, spl-129, spl-132, spl-133, spl-135, spl-136, spl-137, spl-138, spl-139, spl-140, spl-141, spl-143, spl-144, spl-146, spl-148, spl-149, spl-150, spl-151, spl-152, spl-153, spl-157, spl-158, spl-159, spl-160, spl-164, spl-165, spl-166, spl-168, spl-169, spl-171, spl-172, spl-174, spl-175, spl-178, spl-179, spl-180, spl-181, spl-182, spl-183, spl-186, spl-190, spl-193, spl-194, spl-196, spl-199, spl-200, spl-201, spl-202, spl-203, spl-204, spl-206, spl-208, spl-211, spl-212, spl-213, spl-216, spl-217, spl-220, spl-221, spl-222, spl-223, spl-224, spl-225, spl-226, spl-228, spl-232, spl-237, spl-240, spl-242, spl-243, spl-244, spl-245, spl-246, spl-247, spl-250, spl-251, spl-252, spl-253, spl-255, spl-256, spl-257, spl-258, spl-260, spl-261, spl-262, spl-264, spl-267, spl-269, spl-270, spl-271, spl-272, spl-274, spl-275, spl-277, spl-278, spl-281, spl-285	spl-082, spl-043, spl-007, spl-249, spl-236, spl-040, spl-210, spl-077, spl-259, spl-083, spl-060, spl-109, spl-280, spl-063, spl-187, spl-041, spl-147, spl-061, spl-073, spl-233, spl-076, spl-219, spl-215, spl-096, spl-284, spl-286, spl-087, spl-234, spl-167, spl-177, spl-218, spl-079, spl-065, spl-283, spl-235, spl-127, spl-155, spl-069, spl-279, spl-209, spl-170, spl-067, spl-080, spl-198, spl-116, spl-016, spl-031, spl-229, spl-185, spl-265, spl-130, spl-053, spl-048, spl-238, spl-162, spl-034, spl-214, spl-033, spl-189, spl-036, spl-062, spl-081, spl-035, spl-173, spl-100, spl-045, spl-188, spl-156, spl-042, spl-192, spl-241, spl-142, spl-163, spl-191, spl-068, spl-107, spl-273, spl-006, spl-001, spl-110, spl-134, spl-161, spl-123, spl-055, spl-263, spl-115, spl-093, spl-227, spl-268, spl-176, spl-276, spl-184, spl-230, spl-052, spl-254, spl-094, spl-195, spl-117, spl-207, spl-009, spl-282, spl-004, spl-239, spl-057, spl-266, spl-047, spl-154, spl-248, spl-197, spl-131, spl-205, spl-084, spl-071, spl-231, spl-145
0	10	26429666dca81f6bcc3a0a0dd91be26e	171	85	86	0	83	85	3	83	85	3	92	77	2	82	87	2	85	86	0	81	87	3	1823	115	58	57	0	59	54	2	59	56	0	60	55	0	56	58	1	59	56	0	57	57	1	908	spl-001, spl-002, spl-003, spl-004, spl-005, spl-006, spl-007, spl-008, spl-011, spl-012, spl-013, spl-014, spl-016, spl-017, spl-019, spl-020, spl-021, spl-022, spl-023, spl-026, spl-027, spl-028, spl-030, spl-032, spl-033, spl-034, spl-038, spl-040, spl-041, spl-042, spl-043, spl-044, spl-046, spl-047, spl-049, spl-051, spl-055, spl-057, spl-058, spl-059, spl-060, spl-061, spl-063, spl-065, spl-066, spl-068, spl-069, spl-070, spl-071, spl-072, spl-074, spl-076, spl-079, spl-080, spl-081, spl-082, spl-084, spl-085, spl-086, spl-087, spl-088, spl-089, spl-092, spl-095, spl-097, spl-098, spl-099, spl-101, spl-102, spl-104, spl-107, spl-109, spl-110, spl-112, spl-113, spl-114, spl-116, spl-117, spl-119, spl-120, spl-123, spl-124, spl-125, spl-127, spl-129, spl-130, spl-131, spl-135, spl-136, spl-137, spl-138, spl-140, spl-142, spl-143, spl-144, spl-147, spl-148, spl-152, spl-153, spl-154, spl-155, spl-160, spl-161, spl-164, spl-165, spl-167, spl-168, spl-169, spl-174, spl-176, spl-177, spl-178, spl-179, spl-180, spl-184, spl-186, spl-188, spl-192, spl-194, spl-195, spl-196, spl-198, spl-199, spl-201, spl-203, spl-206, spl-207, spl-213, spl-217, spl-218, spl-219, spl-221, spl-223, spl-224, spl-226, spl-228, spl-230, spl-231, spl-233, spl-234, spl-235, spl-236, spl-239, spl-240, spl-244, spl-245, spl-247, spl-248, spl-249, spl-250, spl-251, spl-252, spl-256, spl-257, spl-258, spl-261, spl-263, spl-266, spl-267, spl-269, spl-271, spl-272, spl-273, spl-274, spl-276, spl-278, spl-279, spl-280, spl-281, spl-284, spl-285	spl-029, spl-182, spl-090, spl-064, spl-210, spl-077, spl-259, spl-083, spl-024, spl-139, spl-193, spl-121, spl-187, spl-018, spl-073, spl-255, spl-215, spl-015, spl-096, spl-216, spl-172, spl-286, spl-283, spl-106, spl-209, spl-170, spl-253, spl-067, spl-158, spl-031, spl-183, spl-108, spl-133, spl-175, spl-220, spl-229, spl-181, spl-185, spl-265, spl-200, spl-050, spl-053, spl-048, spl-056, spl-238, spl-162, spl-105, spl-214, spl-189, spl-225, spl-036, spl-204, spl-062, spl-035, spl-173, spl-100, spl-045, spl-232, spl-222, spl-190, spl-111, spl-156, spl-166, spl-241, spl-163, spl-191, spl-141, spl-242, spl-075, spl-212, spl-010, spl-211, spl-134, spl-091, spl-132, spl-118, spl-115, spl-093, spl-150, spl-227, spl-268, spl-128, spl-264, spl-260, spl-202, spl-277, spl-052, spl-254, spl-159, spl-094, spl-270, spl-037, spl-009, spl-157, spl-122, spl-262, spl-282, spl-149, spl-246, spl-243, spl-054, spl-197, spl-103, spl-208, spl-126, spl-171, spl-275, spl-205, spl-146, spl-151, spl-078, spl-145, spl-025, spl-237, spl-039
0	11	9e598b405360007bd13e120feb79b929	171	85	86	0	85	85	1	83	87	1	91	80	0	80	90	1	84	87	0	82	87	2	1650	115	58	57	0	57	54	4	59	54	2	61	52	2	58	55	2	60	55	0	56	57	2	818	spl-001, spl-002, spl-004, spl-006, spl-008, spl-009, spl-011, spl-012, spl-015, spl-016, spl-017, spl-019, spl-020, spl-021, spl-026, spl-027, spl-028, spl-033, spl-035, spl-037, spl-038, spl-039, spl-041, spl-043, spl-045, spl-046, spl-047, spl-048, spl-049, spl-050, spl-051, spl-052, spl-054, spl-055, spl-056, spl-059, spl-061, spl-062, spl-063, spl-064, spl-065, spl-067, spl-068, spl-069, spl-072, spl-073, spl-076, spl-077, spl-084, spl-085, spl-086, spl-087, spl-088, spl-089, spl-090, spl-091, spl-092, spl-093, spl-097, spl-099, spl-101, spl-105, spl-106, spl-107, spl-108, spl-109, spl-110, spl-112, spl-113, spl-117, spl-120, spl-121, spl-124, spl-125, spl-126, spl-127, spl-131, spl-132, spl-136, spl-137, spl-141, spl-142, spl-143, spl-145, spl-146, spl-147, spl-148, spl-149, spl-150, spl-153, spl-154, spl-155, spl-157, spl-158, spl-161, spl-162, spl-163, spl-164, spl-166, spl-168, spl-171, spl-172, spl-173, spl-174, spl-175, spl-176, spl-178, spl-179, spl-182, spl-183, spl-185, spl-186, spl-189, spl-190, spl-193, spl-194, spl-195, spl-196, spl-199, spl-201, spl-202, spl-203, spl-206, spl-207, spl-208, spl-209, spl-213, spl-216, spl-217, spl-218, spl-219, spl-220, spl-221, spl-222, spl-223, spl-224, spl-226, spl-227, spl-229, spl-230, spl-238, spl-239, spl-243, spl-247, spl-248, spl-249, spl-250, spl-251, spl-252, spl-253, spl-254, spl-255, spl-256, spl-258, spl-260, spl-264, spl-265, spl-266, spl-267, spl-268, spl-269, spl-270, spl-272, spl-275, spl-276, spl-278, spl-282, spl-283, spl-284, spl-285, spl-286	spl-082, spl-029, spl-007, spl-023, spl-066, spl-005, spl-030, spl-236, spl-040, spl-210, spl-259, spl-083, spl-024, spl-014, spl-003, spl-060, spl-139, spl-098, spl-280, spl-022, spl-187, spl-018, spl-233, spl-032, spl-215, spl-129, spl-152, spl-140, spl-074, spl-096, spl-058, spl-234, spl-167, spl-095, spl-177, spl-079, spl-235, spl-279, spl-170, spl-080, spl-198, spl-116, spl-244, spl-031, spl-133, spl-181, spl-169, spl-130, spl-200, spl-261, spl-274, spl-053, spl-034, spl-135, spl-214, spl-225, spl-036, spl-204, spl-081, spl-104, spl-100, spl-188, spl-232, spl-281, spl-111, spl-156, spl-257, spl-042, spl-192, spl-160, spl-241, spl-191, spl-242, spl-075, spl-212, spl-114, spl-010, spl-273, spl-211, spl-144, spl-134, spl-123, spl-044, spl-263, spl-118, spl-138, spl-115, spl-070, spl-128, spl-184, spl-277, spl-013, spl-159, spl-094, spl-122, spl-262, spl-240, spl-119, spl-057, spl-228, spl-271, spl-246, spl-197, spl-102, spl-165, spl-245, spl-103, spl-205, spl-071, spl-231, spl-151, spl-078, spl-180, spl-025, spl-237
0	12	9305b5166fae1122d5736b25660bb5d2	171	87	84	0	86	82	3	86	84	1	90	80	1	84	84	3	87	84	0	83	85	3	1673	115	56	59	0	56	57	2	56	57	2	62	52	1	54	61	0	57	58	0	55	59	1	1044	spl-004, spl-005, spl-007, spl-008, spl-011, spl-012, spl-013, spl-017, spl-019, spl-020, spl-021, spl-022, spl-024, spl-025, spl-026, spl-028, spl-030, spl-031, spl-035, spl-036, spl-037, spl-038, spl-042, spl-044, spl-045, spl-046, spl-047, spl-048, spl-049, spl-051, spl-052, spl-053, spl-054, spl-057, spl-059, spl-063, spl-064, spl-065, spl-067, spl-068, spl-069, spl-070, spl-071, spl-072, spl-073, spl-075, spl-077, spl-081, spl-082, spl-085, spl-086, spl-087, spl-091, spl-092, spl-093, spl-096, spl-098, spl-099, spl-101, spl-102, spl-103, spl-104, spl-108, spl-109, spl-111, spl-113, spl-114, spl-115, spl-116, spl-117, spl-118, spl-122, spl-123, spl-124, spl-125, spl-126, spl-127, spl-129, spl-131, spl-132, spl-134, spl-135, spl-139, spl-140, spl-141, spl-142, spl-143, spl-145, spl-146, spl-147, spl-149, spl-151, spl-152, spl-154, spl-155, spl-156, spl-160, spl-161, spl-162, spl-164, spl-165, spl-169, spl-170, spl-171, spl-173, spl-174, spl-175, spl-176, spl-179, spl-185, spl-188, spl-190, spl-191, spl-195, spl-196, spl-201, spl-203, spl-204, spl-206, spl-207, spl-208, spl-209, spl-211, spl-212, spl-213, spl-214, spl-220, spl-224, spl-226, spl-228, spl-229, spl-231, spl-233, spl-234, spl-236, spl-240, spl-241, spl-243, spl-244, spl-245, spl-246, spl-247, spl-248, spl-249, spl-251, spl-252, spl-253, spl-255, spl-256, spl-259, spl-260, spl-262, spl-263, spl-266, spl-267, spl-269, spl-270, spl-271, spl-272, spl-273, spl-274, spl-275, spl-276, spl-277, spl-279, spl-280, spl-281, spl-282, spl-284, spl-285, spl-286	spl-043, spl-029, spl-182, spl-090, spl-023, spl-066, spl-221, spl-137, spl-040, spl-210, spl-083, spl-014, spl-003, spl-258, spl-060, spl-193, spl-121, spl-120, spl-187, spl-041, spl-061, spl-199, spl-018, spl-032, spl-076, spl-219, spl-215, spl-015, spl-148, spl-178, spl-074, spl-216, spl-172, spl-058, spl-167, spl-095, spl-177, spl-218, spl-079, spl-112, spl-283, spl-235, spl-106, spl-158, spl-027, spl-080, spl-198, spl-016, spl-183, spl-133, spl-136, spl-181, spl-265, spl-130, spl-200, spl-261, spl-050, spl-056, spl-238, spl-223, spl-034, spl-105, spl-033, spl-189, spl-225, spl-062, spl-100, spl-217, spl-232, spl-097, spl-222, spl-257, spl-166, spl-192, spl-163, spl-089, spl-194, spl-242, spl-010, spl-153, spl-107, spl-006, spl-168, spl-144, spl-001, spl-110, spl-055, spl-138, spl-150, spl-227, spl-268, spl-128, spl-264, spl-184, spl-230, spl-202, spl-254, spl-159, spl-094, spl-009, spl-157, spl-239, spl-119, spl-250, spl-278, spl-197, spl-205, spl-084, spl-002, spl-088, spl-078, spl-180, spl-186, spl-237, spl-039
0	13	78a67662d1f7f13b2df22923a613b5ac	171	86	85	0	85	84	2	87	82	2	93	77	1	84	84	3	87	84	0	83	86	2	1680	115	57	58	0	57	55	3	55	59	1	59	55	1	54	61	0	57	58	0	55	58	2	930	spl-002, spl-003, spl-004, spl-007, spl-008, spl-011, spl-012, spl-013, spl-015, spl-016, spl-017, spl-018, spl-021, spl-022, spl-023, spl-024, spl-026, spl-027, spl-028, spl-029, spl-031, spl-032, spl-033, spl-036, spl-041, spl-043, spl-044, spl-045, spl-046, spl-047, spl-048, spl-049, spl-051, spl-053, spl-054, spl-055, spl-056, spl-057, spl-059, spl-065, spl-070, spl-071, spl-073, spl-074, spl-075, spl-079, spl-081, spl-083, spl-084, spl-087, spl-090, spl-092, spl-094, spl-096, spl-098, spl-099, spl-100, spl-101, spl-102, spl-103, spl-104, spl-105, spl-106, spl-107, spl-108, spl-109, spl-111, spl-112, spl-116, spl-117, spl-118, spl-119, spl-120, spl-122, spl-124, spl-126, spl-130, spl-131, spl-132, spl-134, spl-135, spl-137, spl-138, spl-139, spl-140, spl-141, spl-142, spl-144, spl-146, spl-147, spl-149, spl-153, spl-156, spl-157, spl-158, spl-159, spl-162, spl-163, spl-165, spl-166, spl-168, spl-170, spl-171, spl-172, spl-173, spl-175, spl-176, spl-177, spl-178, spl-179, spl-180, spl-181, spl-182, spl-184, spl-186, spl-187, spl-188, spl-189, spl-196, spl-197, spl-198, spl-199, spl-201, spl-202, spl-203, spl-204, spl-205, spl-206, spl-207, spl-208, spl-210, spl-211, spl-212, spl-213, spl-214, spl-216, spl-217, spl-218, spl-220, spl-224, spl-225, spl-227, spl-228, spl-229, spl-232, spl-233, spl-235, spl-236, spl-237, spl-240, spl-241, spl-243, spl-244, spl-245, spl-246, spl-249, spl-250, spl-253, spl-260, spl-261, spl-264, spl-265, spl-266, spl-270, spl-272, spl-273, spl-276, spl-281, spl-282, spl-283, spl-284	spl-082, spl-251, spl-085, spl-064, spl-066, spl-005, spl-221, spl-030, spl-040, spl-077, spl-259, spl-014, spl-258, spl-060, spl-280, spl-193, spl-121, spl-063, spl-061, spl-076, spl-255, spl-219, spl-215, spl-129, spl-152, spl-148, spl-058, spl-143, spl-286, spl-234, spl-167, spl-095, spl-285, spl-127, spl-155, spl-069, spl-279, spl-209, spl-067, spl-080, spl-183, spl-267, spl-133, spl-136, spl-185, spl-169, spl-072, spl-200, spl-050, spl-274, spl-019, spl-020, spl-252, spl-086, spl-269, spl-238, spl-223, spl-034, spl-062, spl-035, spl-097, spl-222, spl-190, spl-257, spl-164, spl-042, spl-192, spl-160, spl-089, spl-191, spl-194, spl-242, spl-174, spl-068, spl-114, spl-010, spl-113, spl-006, spl-001, spl-110, spl-161, spl-123, spl-091, spl-263, spl-115, spl-093, spl-150, spl-268, spl-128, spl-230, spl-277, spl-052, spl-254, spl-125, spl-195, spl-038, spl-037, spl-009, spl-256, spl-262, spl-239, spl-154, spl-271, spl-248, spl-278, spl-275, spl-226, spl-231, spl-088, spl-151, spl-078, spl-247, spl-145, spl-025, spl-039
0	14	0d00a697d1d4901c037676f2382ac46b	171	90	81	0	88	82	1	90	79	2	95	76	0	85	85	1	91	80	0	88	82	1	1764	115	53	62	0	54	57	4	52	62	1	57	56	2	53	60	2	53	62	0	50	62	3	837	spl-003, spl-004, spl-009, spl-010, spl-015, spl-016, spl-017, spl-022, spl-023, spl-024, spl-025, spl-026, spl-027, spl-030, spl-031, spl-032, spl-034, spl-036, spl-038, spl-039, spl-040, spl-041, spl-046, spl-047, spl-048, spl-050, spl-051, spl-054, spl-056, spl-057, spl-058, spl-059, spl-061, spl-062, spl-063, spl-065, spl-066, spl-067, spl-068, spl-069, spl-070, spl-071, spl-076, spl-081, spl-082, spl-084, spl-085, spl-086, spl-087, spl-088, spl-089, spl-091, spl-093, spl-094, spl-095, spl-096, spl-098, spl-099, spl-101, spl-102, spl-103, spl-104, spl-105, spl-106, spl-109, spl-111, spl-112, spl-113, spl-114, spl-115, spl-116, spl-117, spl-118, spl-122, spl-123, spl-126, spl-128, spl-129, spl-132, spl-133, spl-135, spl-136, spl-138, spl-139, spl-141, spl-143, spl-144, spl-145, spl-147, spl-148, spl-149, spl-152, spl-154, spl-155, spl-156, spl-160, spl-163, spl-164, spl-165, spl-168, spl-169, spl-171, spl-173, spl-174, spl-177, spl-179, spl-181, spl-188, spl-189, spl-191, spl-193, spl-194, spl-195, spl-196, spl-197, spl-199, spl-201, spl-203, spl-204, spl-205, spl-206, spl-207, spl-210, spl-211, spl-215, spl-220, spl-221, spl-223, spl-224, spl-225, spl-226, spl-227, spl-228, spl-230, spl-232, spl-237, spl-239, spl-240, spl-241, spl-242, spl-245, spl-246, spl-247, spl-248, spl-250, spl-251, spl-252, spl-253, spl-254, spl-255, spl-256, spl-257, spl-258, spl-262, spl-263, spl-264, spl-265, spl-266, spl-267, spl-268, spl-269, spl-275, spl-276, spl-277, spl-278, spl-280, spl-281, spl-282, spl-284, spl-285, spl-286	spl-043, spl-029, spl-182, spl-007, spl-249, spl-008, spl-090, spl-064, spl-005, spl-236, spl-137, spl-077, spl-259, spl-083, spl-014, spl-060, spl-021, spl-121, spl-120, spl-187, spl-018, spl-073, spl-233, spl-219, spl-028, spl-140, spl-178, spl-074, spl-216, spl-172, spl-234, spl-167, spl-218, spl-079, spl-283, spl-124, spl-235, spl-127, spl-092, spl-279, spl-209, spl-170, spl-158, spl-080, spl-213, spl-198, spl-244, spl-183, spl-108, spl-175, spl-229, spl-185, spl-130, spl-072, spl-200, spl-261, spl-274, spl-019, spl-020, spl-053, spl-238, spl-162, spl-214, spl-033, spl-035, spl-100, spl-045, spl-217, spl-097, spl-222, spl-190, spl-042, spl-166, spl-192, spl-142, spl-075, spl-212, spl-153, spl-107, spl-049, spl-273, spl-006, spl-001, spl-110, spl-134, spl-161, spl-055, spl-011, spl-044, spl-012, spl-150, spl-176, spl-260, spl-184, spl-202, spl-272, spl-013, spl-052, spl-159, spl-125, spl-270, spl-037, spl-157, spl-119, spl-271, spl-243, spl-131, spl-208, spl-231, spl-002, spl-146, spl-151, spl-078, spl-180, spl-186
0	15	fabfc14e28eb1280b9d15b63ff4420ba	171	87	84	0	86	83	2	85	85	1	92	79	0	83	86	2	86	85	0	85	83	3	1811	115	56	59	0	56	56	3	57	56	2	60	53	2	55	59	1	58	57	0	53	61	1	963	spl-002, spl-006, spl-007, spl-008, spl-009, spl-010, spl-015, spl-016, spl-017, spl-019, spl-020, spl-022, spl-025, spl-027, spl-028, spl-029, spl-032, spl-034, spl-037, spl-038, spl-039, spl-040, spl-041, spl-043, spl-045, spl-046, spl-047, spl-048, spl-049, spl-053, spl-054, spl-057, spl-058, spl-059, spl-060, spl-061, spl-062, spl-063, spl-065, spl-066, spl-067, spl-068, spl-069, spl-070, spl-071, spl-073, spl-074, spl-075, spl-077, spl-079, spl-082, spl-083, spl-084, spl-085, spl-089, spl-091, spl-092, spl-093, spl-094, spl-096, spl-097, spl-098, spl-100, spl-102, spl-106, spl-107, spl-108, spl-110, spl-111, spl-113, spl-114, spl-120, spl-121, spl-123, spl-124, spl-125, spl-127, spl-129, spl-131, spl-132, spl-134, spl-137, spl-138, spl-141, spl-145, spl-147, spl-148, spl-149, spl-150, spl-151, spl-153, spl-154, spl-155, spl-156, spl-157, spl-158, spl-160, spl-161, spl-163, spl-164, spl-166, spl-169, spl-170, spl-175, spl-176, spl-177, spl-178, spl-179, spl-181, spl-182, spl-186, spl-187, spl-188, spl-189, spl-191, spl-193, spl-194, spl-195, spl-196, spl-199, spl-202, spl-204, spl-205, spl-207, spl-208, spl-213, spl-215, spl-217, spl-218, spl-219, spl-223, spl-224, spl-225, spl-226, spl-227, spl-229, spl-230, spl-233, spl-235, spl-236, spl-237, spl-238, spl-239, spl-242, spl-243, spl-244, spl-245, spl-247, spl-248, spl-250, spl-253, spl-254, spl-257, spl-258, spl-259, spl-260, spl-261, spl-262, spl-263, spl-265, spl-266, spl-267, spl-272, spl-273, spl-275, spl-276, spl-277, spl-279, spl-280, spl-283, spl-284	spl-251, spl-249, spl-090, spl-023, spl-064, spl-005, spl-221, spl-030, spl-210, spl-024, spl-014, spl-003, spl-139, spl-101, spl-109, spl-021, spl-018, spl-076, spl-255, spl-152, spl-140, spl-216, spl-172, spl-143, spl-286, spl-087, spl-206, spl-234, spl-167, spl-095, spl-285, spl-112, spl-209, spl-080, spl-198, spl-116, spl-031, spl-183, spl-133, spl-220, spl-136, spl-185, spl-130, spl-072, spl-200, spl-050, spl-274, spl-252, spl-056, spl-086, spl-269, spl-162, spl-135, spl-105, spl-214, spl-033, spl-099, spl-036, spl-081, spl-035, spl-173, spl-104, spl-232, spl-281, spl-203, spl-222, spl-190, spl-042, spl-192, spl-241, spl-142, spl-051, spl-174, spl-212, spl-211, spl-168, spl-144, spl-001, spl-055, spl-011, spl-044, spl-012, spl-118, spl-115, spl-268, spl-128, spl-264, spl-184, spl-013, spl-052, spl-159, spl-270, spl-026, spl-117, spl-122, spl-256, spl-240, spl-282, spl-004, spl-119, spl-228, spl-271, spl-246, spl-278, spl-197, spl-165, spl-103, spl-126, spl-201, spl-171, spl-231, spl-088, spl-146, spl-078, spl-180
0	16	631e3ea6c85e2ea892ee057d574f7762	171	82	89	0	82	85	4	84	86	1	88	81	2	82	87	2	84	87	0	78	89	4	1843	115	61	54	0	60	54	1	58	55	2	64	51	0	56	58	1	60	55	0	60	55	0	785	spl-003, spl-006, spl-007, spl-009, spl-011, spl-013, spl-015, spl-016, spl-017, spl-019, spl-020, spl-021, spl-022, spl-025, spl-026, spl-028, spl-029, spl-030, spl-036, spl-039, spl-040, spl-042, spl-044, spl-045, spl-047, spl-048, spl-049, spl-053, spl-054, spl-056, spl-057, spl-058, spl-059, spl-060, spl-061, spl-062, spl-064, spl-065, spl-066, spl-067, spl-069, spl-071, spl-072, spl-073, spl-075, spl-076, spl-077, spl-079, spl-080, spl-082, spl-083, spl-086, spl-088, spl-090, spl-091, spl-092, spl-093, spl-096, spl-099, spl-101, spl-103, spl-104, spl-106, spl-107, spl-108, spl-112, spl-115, spl-116, spl-117, spl-118, spl-120, spl-122, spl-123, spl-124, spl-127, spl-128, spl-130, spl-131, spl-132, spl-134, spl-136, spl-137, spl-138, spl-139, spl-141, spl-144, spl-145, spl-146, spl-147, spl-148, spl-151, spl-152, spl-153, spl-156, spl-157, spl-158, spl-160, spl-162, spl-167, spl-168, spl-169, spl-170, spl-171, spl-173, spl-174, spl-175, spl-179, spl-181, spl-182, spl-184, spl-185, spl-186, spl-188, spl-191, spl-192, spl-193, spl-194, spl-195, spl-196, spl-198, spl-199, spl-201, spl-203, spl-205, spl-206, spl-207, spl-209, spl-212, spl-214, spl-216, spl-222, spl-223, spl-226, spl-229, spl-230, spl-231, spl-232, spl-233, spl-234, spl-236, spl-239, spl-240, spl-241, spl-244, spl-245, spl-246, spl-247, spl-248, spl-249, spl-250, spl-252, spl-253, spl-254, spl-255, spl-256, spl-257, spl-258, spl-261, spl-265, spl-267, spl-268, spl-271, spl-272, spl-273, spl-274, spl-276, spl-277, spl-278, spl-279, spl-282, spl-286	spl-043, spl-251, spl-085, spl-008, spl-023, spl-005, spl-221, spl-210, spl-259, spl-024, spl-014, spl-098, spl-109, spl-280, spl-121, spl-063, spl-187, spl-041, spl-018, spl-032, spl-219, spl-215, spl-129, spl-140, spl-178, spl-074, spl-284, spl-172, spl-143, spl-087, spl-095, spl-177, spl-218, spl-285, spl-283, spl-235, spl-155, spl-027, spl-213, spl-031, spl-183, spl-133, spl-220, spl-200, spl-050, spl-269, spl-238, spl-034, spl-135, spl-105, spl-033, spl-189, spl-225, spl-224, spl-204, spl-081, spl-035, spl-100, spl-217, spl-046, spl-281, spl-097, spl-190, spl-111, spl-164, spl-166, spl-142, spl-163, spl-089, spl-051, spl-242, spl-068, spl-114, spl-010, spl-113, spl-211, spl-001, spl-110, spl-161, spl-055, spl-263, spl-012, spl-150, spl-227, spl-070, spl-264, spl-176, spl-260, spl-202, spl-052, spl-159, spl-094, spl-125, spl-270, spl-038, spl-037, spl-262, spl-004, spl-119, spl-266, spl-228, spl-154, spl-149, spl-243, spl-197, spl-102, spl-165, spl-208, spl-126, spl-275, spl-084, spl-002, spl-078, spl-180, spl-237
0	17	ab08f9b72019c22c7cbb4134c0d1a4eb	171	86	85	0	84	84	3	86	83	2	89	80	2	83	86	2	85	86	0	83	85	3	1801	115	57	58	0	58	55	2	56	58	1	63	52	0	55	59	1	59	56	0	55	59	1	871	spl-004, spl-007, spl-008, spl-010, spl-011, spl-012, spl-013, spl-014, spl-015, spl-017, spl-019, spl-020, spl-021, spl-025, spl-026, spl-028, spl-029, spl-034, spl-036, spl-037, spl-039, spl-040, spl-042, spl-043, spl-045, spl-048, spl-049, spl-050, spl-051, spl-052, spl-053, spl-055, spl-056, spl-057, spl-058, spl-059, spl-060, spl-061, spl-062, spl-064, spl-065, spl-066, spl-068, spl-071, spl-072, spl-073, spl-074, spl-075, spl-083, spl-084, spl-086, spl-087, spl-088, spl-089, spl-090, spl-093, spl-094, spl-095, spl-096, spl-098, spl-101, spl-102, spl-104, spl-108, spl-110, spl-112, spl-113, spl-116, spl-117, spl-118, spl-119, spl-120, spl-124, spl-125, spl-126, spl-128, spl-131, spl-133, spl-135, spl-138, spl-139, spl-142, spl-143, spl-144, spl-145, spl-146, spl-147, spl-148, spl-149, spl-150, spl-153, spl-155, spl-156, spl-158, spl-161, spl-163, spl-164, spl-165, spl-166, spl-167, spl-168, spl-169, spl-170, spl-171, spl-172, spl-174, spl-175, spl-176, spl-177, spl-178, spl-182, spl-183, spl-184, spl-186, spl-188, spl-189, spl-191, spl-193, spl-195, spl-197, spl-200, spl-201, spl-202, spl-203, spl-204, spl-206, spl-207, spl-209, spl-210, spl-211, spl-212, spl-213, spl-214, spl-215, spl-216, spl-220, spl-221, spl-223, spl-224, spl-225, spl-227, spl-228, spl-230, spl-232, spl-233, spl-234, spl-235, spl-238, spl-239, spl-240, spl-241, spl-243, spl-246, spl-247, spl-249, spl-253, spl-255, spl-258, spl-260, spl-261, spl-264, spl-268, spl-269, spl-270, spl-271, spl-273, spl-278, spl-280, spl-281, spl-284, spl-286	spl-082, spl-251, spl-085, spl-023, spl-005, spl-030, spl-236, spl-137, spl-077, spl-259, spl-024, spl-003, spl-109, spl-121, spl-022, spl-063, spl-187, spl-041, spl-199, spl-018, spl-032, spl-076, spl-219, spl-129, spl-152, spl-140, spl-218, spl-285, spl-079, spl-283, spl-127, spl-092, spl-069, spl-106, spl-279, spl-067, spl-027, spl-080, spl-198, spl-016, spl-244, spl-031, spl-267, spl-136, spl-229, spl-181, spl-185, spl-265, spl-130, spl-274, spl-252, spl-179, spl-162, spl-105, spl-033, spl-099, spl-081, spl-035, spl-173, spl-100, spl-217, spl-046, spl-097, spl-222, spl-190, spl-111, spl-257, spl-192, spl-160, spl-141, spl-194, spl-242, spl-114, spl-107, spl-006, spl-001, spl-134, spl-123, spl-091, spl-044, spl-263, spl-132, spl-115, spl-070, spl-196, spl-276, spl-277, spl-272, spl-254, spl-159, spl-038, spl-009, spl-157, spl-122, spl-256, spl-262, spl-282, spl-266, spl-047, spl-154, spl-248, spl-054, spl-250, spl-245, spl-103, spl-208, spl-275, spl-226, spl-205, spl-231, spl-002, spl-151, spl-078, spl-180, spl-237
0	18	560885d49ebe14186d71eeb8fce0b9df	171	89	82	0	89	80	2	90	80	1	92	78	1	85	84	2	90	81	0	85	83	3	1960	115	54	61	0	53	59	3	52	61	2	60	54	1	53	61	1	54	61	0	53	61	1	882	spl-001, spl-002, spl-003, spl-005, spl-006, spl-009, spl-010, spl-012, spl-013, spl-015, spl-017, spl-021, spl-025, spl-026, spl-027, spl-028, spl-030, spl-031, spl-032, spl-034, spl-037, spl-038, spl-040, spl-042, spl-043, spl-044, spl-048, spl-049, spl-052, spl-053, spl-054, spl-055, spl-056, spl-057, spl-058, spl-063, spl-065, spl-066, spl-067, spl-068, spl-072, spl-073, spl-075, spl-076, spl-083, spl-084, spl-085, spl-086, spl-087, spl-088, spl-089, spl-094, spl-095, spl-096, spl-097, spl-098, spl-099, spl-102, spl-103, spl-104, spl-105, spl-107, spl-108, spl-109, spl-111, spl-112, spl-113, spl-114, spl-115, spl-116, spl-118, spl-119, spl-122, spl-127, spl-128, spl-129, spl-132, spl-133, spl-134, spl-136, spl-137, spl-139, spl-140, spl-142, spl-143, spl-144, spl-145, spl-147, spl-148, spl-149, spl-151, spl-155, spl-156, spl-158, spl-159, spl-160, spl-161, spl-164, spl-165, spl-166, spl-168, spl-169, spl-171, spl-174, spl-175, spl-177, spl-178, spl-180, spl-181, spl-182, spl-183, spl-184, spl-185, spl-187, spl-189, spl-190, spl-191, spl-192, spl-193, spl-195, spl-198, spl-199, spl-201, spl-202, spl-205, spl-206, spl-208, spl-210, spl-212, spl-213, spl-215, spl-216, spl-217, spl-218, spl-219, spl-221, spl-223, spl-224, spl-225, spl-227, spl-229, spl-231, spl-232, spl-237, spl-238, spl-240, spl-242, spl-243, spl-246, spl-249, spl-251, spl-254, spl-257, spl-259, spl-260, spl-262, spl-263, spl-264, spl-267, spl-268, spl-269, spl-272, spl-273, spl-276, spl-277, spl-278, spl-279, spl-282, spl-284, spl-285, spl-286	spl-082, spl-029, spl-007, spl-008, spl-090, spl-023, spl-064, spl-236, spl-077, spl-024, spl-014, spl-258, spl-060, spl-101, spl-280, spl-121, spl-120, spl-022, spl-041, spl-061, spl-018, spl-233, spl-255, spl-152, spl-074, spl-172, spl-234, spl-167, spl-079, spl-283, spl-124, spl-235, spl-092, spl-069, spl-106, spl-209, spl-170, spl-253, spl-080, spl-016, spl-244, spl-220, spl-265, spl-130, spl-200, spl-261, spl-050, spl-274, spl-019, spl-020, spl-252, spl-179, spl-162, spl-135, spl-214, spl-033, spl-036, spl-204, spl-062, spl-081, spl-035, spl-173, spl-100, spl-045, spl-188, spl-046, spl-281, spl-203, spl-222, spl-059, spl-241, spl-163, spl-141, spl-051, spl-194, spl-153, spl-211, spl-110, spl-123, spl-011, spl-091, spl-138, spl-093, spl-150, spl-070, spl-196, spl-176, spl-230, spl-125, spl-270, spl-117, spl-207, spl-157, spl-256, spl-004, spl-239, spl-266, spl-047, spl-228, spl-154, spl-271, spl-248, spl-250, spl-197, spl-131, spl-245, spl-126, spl-275, spl-226, spl-071, spl-146, spl-078, spl-247, spl-186, spl-039
0	19	06838779a1918273bcf945f26f81cfcf	171	89	82	0	89	78	4	88	81	2	96	73	2	87	81	3	91	80	0	85	82	4	1953	115	54	61	0	53	61	1	54	60	1	56	59	0	51	64	0	53	62	0	53	62	0	885	spl-002, spl-003, spl-004, spl-005, spl-006, spl-008, spl-010, spl-011, spl-013, spl-014, spl-015, spl-016, spl-018, spl-019, spl-020, spl-022, spl-023, spl-024, spl-025, spl-026, spl-028, spl-030, spl-031, spl-032, spl-035, spl-041, spl-042, spl-043, spl-044, spl-045, spl-047, spl-048, spl-050, spl-054, spl-057, spl-058, spl-059, spl-060, spl-063, spl-064, spl-065, spl-067, spl-069, spl-071, spl-073, spl-074, spl-075, spl-076, spl-077, spl-078, spl-081, spl-083, spl-085, spl-087, spl-090, spl-093, spl-094, spl-096, spl-098, spl-099, spl-100, spl-103, spl-106, spl-107, spl-108, spl-111, spl-112, spl-113, spl-114, spl-115, spl-116, spl-117, spl-118, spl-119, spl-120, spl-121, spl-122, spl-123, spl-125, spl-126, spl-127, spl-128, spl-131, spl-132, spl-133, spl-134, spl-135, spl-136, spl-137, spl-138, spl-139, spl-141, spl-145, spl-146, spl-147, spl-149, spl-150, spl-151, spl-156, spl-157, spl-159, spl-160, spl-162, spl-163, spl-164, spl-167, spl-168, spl-170, spl-171, spl-173, spl-174, spl-177, spl-178, spl-182, spl-184, spl-187, spl-190, spl-191, spl-194, spl-196, spl-197, spl-198, spl-201, spl-202, spl-203, spl-205, spl-208, spl-209, spl-210, spl-213, spl-214, spl-215, spl-216, spl-217, spl-220, spl-221, spl-224, spl-226, spl-227, spl-228, spl-230, spl-231, spl-232, spl-233, spl-235, spl-237, spl-239, spl-242, spl-243, spl-244, spl-246, spl-247, spl-248, spl-249, spl-250, spl-252, spl-254, spl-255, spl-256, spl-257, spl-258, spl-259, spl-267, spl-269, spl-270, spl-272, spl-273, spl-275, spl-277, spl-280, spl-283	spl-082, spl-251, spl-029, spl-007, spl-066, spl-236, spl-040, spl-101, spl-109, spl-193, spl-021, spl-061, spl-199, spl-219, spl-129, spl-152, spl-148, spl-140, spl-284, spl-172, spl-143, spl-286, spl-206, spl-234, spl-095, spl-218, spl-285, spl-079, spl-124, spl-155, spl-092, spl-279, spl-253, spl-158, spl-027, spl-080, spl-183, spl-175, spl-229, spl-181, spl-185, spl-169, spl-265, spl-130, spl-072, spl-200, spl-261, spl-274, spl-053, spl-056, spl-179, spl-086, spl-238, spl-223, spl-034, spl-105, spl-033, spl-189, spl-225, spl-036, spl-204, spl-062, spl-104, spl-188, spl-046, spl-281, spl-097, spl-222, spl-166, spl-192, spl-241, spl-142, spl-089, spl-051, spl-068, spl-212, spl-153, spl-049, spl-211, spl-144, spl-001, spl-110, spl-161, spl-055, spl-091, spl-263, spl-012, spl-070, spl-268, spl-264, spl-176, spl-260, spl-276, spl-052, spl-195, spl-207, spl-038, spl-037, spl-009, spl-262, spl-240, spl-282, spl-266, spl-154, spl-271, spl-278, spl-102, spl-165, spl-245, spl-084, spl-088, spl-180, spl-186, spl-017, spl-039
