sample	sample_status	DEPDC2	GM01	GM07	GM09	GM11	GM14	GM17	GM22	GM26	GM29	IM16	IM49	LR10	LR11	LR17	LR20	LR24	LR36	LR40	LR44	LR46	LR48	LR49	LR52
ERR2760860	MSS	MSS	MSS	MSS	MSS	MSS	MSS	MSS	MSS	MSS	MSS	MSS	MSS	MSS	MSS	MSS	MSS	MSS	MSS	MSS	MSS	MSS	MSS	MSS	MSS
ERR2760861	MSS	MSS	MSS	MSS	MSS	MSS	MSS	MSS	MSS	MSS	MSS	MSS	MSS	MSS	MSS	MSS	MSS	MSS	MSS	MSS	MSS	MSS	MSS	MSS	MSS
ERR2760862	MSS	MSS	MSS	MSS	MSS	MSS	MSS	MSS	MSS	MSS	MSS	MSS	MSS	MSS	MSS	MSS	MSS	MSS	MSS	MSS	MSS	MSS	MSS	MSS	MSS
ERR2760863	MSS	MSS	MSS	MSS	MSS	MSS	MSS	MSS	MSS	MSS	MSS	MSS	MSS	MSS	MSS	MSS	MSS	MSS	MSS	MSS	MSS	MSS	MSS	MSS	MSS
ERR2760864	MSS	MSS	MSS	MSS	MSS	MSS	MSS	MSS	MSS	MSS	MSS	MSS	MSS	MSS	MSS	MSS	MSS	MSS	MSS	MSS	MSS	MSS	MSS	MSS	MSS
ERR2760865	MSS	MSS	MSS	MSS	MSS	MSS	MSS	MSS	MSS	MSS	MSS	MSS	MSS	MSS	MSS	MSS	MSS	MSS	MSS	MSS	MSS	MSS	MSS	MSS	MSS
ERR2760866	MSS	MSS	MSS	MSS	MSS	MSS	MSS	MSS	MSS	MSS	MSS	MSS	MSS	MSS	MSS	MSS	MSS	MSS	MSS	MSS	MSS	MSS	MSS	MSS	MSS
ERR2760867	MSS	MSS	MSS	MSS	MSS	MSS	MSS	MSS	MSS	MSS	MSS	MSS	MSS	MSS	MSS	MSS	MSS	MSS	MSS	MSS	MSS	MSS	MSS	MSS	MSS
ERR2760868	MSS	MSS	MSS	MSS	MSS	MSS	MSS	MSS	MSS	MSS	MSS	MSS	MSS	MSS	MSS	MSS	MSS	MSS	MSS	MSS	MSS	MSS	MSS	MSS	MSS
ERR2760869	MSI	MSI	MSI	MSI	MSI	MSI	MSI	MSI	MSI	MSI	MSI	MSI	MSI	MSI	MSI	MSI	MSI	MSI	MSI	MSI	MSI	MSI	MSI	MSI	MSI
ERR2760870	MSI	MSI	MSI	MSI	MSI	MSI	MSI	MSI	MSI	MSI	MSI	MSI	MSI	MSI	MSI	MSI	MSI	MSI	MSI	MSI	MSI	MSI	MSI	MSI	MSI
ERR2760871	MSI	MSI	MSI	MSI	MSI	MSI	MSI	MSI	MSI	MSI	MSI	MSI	MSI	MSI	MSI	MSI	MSI	MSI	MSI	MSI	MSI	MSI	MSI	MSI	MSI
ERR2760872	MSS	MSS	MSS	MSS	MSS	MSS	MSS	MSS	MSS	MSS	MSS	MSS	MSS	MSS	MSS	MSS	MSS	MSS	MSS	MSS	MSS	MSS	MSS	MSS	MSS
ERR2760873	MSS	MSS	MSS	MSS	MSS	MSS	MSS	MSS	MSS	MSS	MSS	MSS	MSS	MSS	MSS	MSS	MSS	MSS	MSS	MSS	MSS	MSS	MSS	MSS	MSS
ERR2760874	MSS	MSS	MSS	MSS	MSS	MSS	MSS	MSS	MSS	MSS	MSS	MSS	MSS	MSS	MSS	MSS	MSS	MSS	MSS	MSS	MSS	MSS	MSS	MSS	MSS
ERR2760875	MSS	MSS	MSS	MSS	MSS	MSS	MSS	MSS	MSS	MSS	MSS	MSS	MSS	MSS	MSS	MSS	MSS	MSS	MSS	MSS	MSS	MSS	MSS	MSS	MSS
ERR2760876	MSI	MSI	MSI	MSI	MSI	MSI	MSI	MSI	MSI	MSI	MSI	MSI	MSI	MSI	MSI	MSI	MSI	MSI	MSI	MSI	MSI	MSI	MSI	MSI	MSI
ERR2760877	MSS	MSS	MSS	MSS	MSS	MSS	MSS	MSS	MSS	MSS	MSS	MSS	MSS	MSS	MSS	MSS	MSS	MSS	MSS	MSS	MSS	MSS	MSS	MSS	MSS
ERR2760878	MSS	MSS	MSS	MSS	MSS	MSS	MSS	MSS	MSS	MSS	MSS	MSS	MSS	MSS	MSS	MSS	MSS	MSS	MSS	MSS	MSS	MSS	MSS	MSS	MSS
ERR2760879	MSS	MSS	MSS	MSS	MSS	MSS	MSS	MSS	MSS	MSS	MSS	MSS	MSS	MSS	MSS	MSS	MSS	MSS	MSS	MSS	MSS	MSS	MSS	MSS	MSS
ERR2760880	MSS	MSS	MSS	MSS	MSS	MSS	MSS	MSS	MSS	MSS	MSS	MSS	MSS	MSS	MSS	MSS	MSS	MSS	MSS	MSS	MSS	MSS	MSS	MSS	MSS
ERR2760881	MSS	MSS	MSS	MSS	MSS	MSS	MSS	MSS	MSS	MSS	MSS	MSS	MSS	MSS	MSS	MSS	MSS	MSS	MSS	MSS	MSS	MSS	MSS	MSS	MSS
ERR2760882	MSI	MSI	MSI	MSI	MSI	MSI	MSI	MSI	MSI	MSI	MSI	MSI	MSI	MSI	MSI	MSI	MSI	MSI	MSI	MSI	MSI	MSI	MSI	MSI	MSI
ERR2760883	MSS	MSS	MSS	MSS	MSS	MSS	MSS	MSS	MSS	MSS	MSS	MSS	MSS	MSS	MSS	MSS	MSS	MSS	MSS	MSS	MSS	MSS	MSS	MSS	MSS
ERR2760884	MSI	MSI	MSI	MSI	MSI	MSI	MSI	MSI	MSI	MSI	MSI	MSI	MSI	MSI	MSI	MSI	MSI	MSI	MSI	MSI	MSI	MSI	MSI	MSI	MSI
ERR2760885	MSS	MSS	MSS	MSS	MSS	MSS	MSS	MSS	MSS	MSS	MSS	MSS	MSS	MSS	MSS	MSS	MSS	MSS	MSS	MSS	MSS	MSS	MSS	MSS	MSS
ERR2760886	MSS	MSS	MSS	MSS	MSS	MSS	MSS	MSS	MSS	MSS	MSS	MSS	MSS	MSS	MSS	MSS	MSS	MSS	MSS	MSS	MSS	MSS	MSS	MSS	MSS
ERR2760887	MSS	MSS	MSS	MSS	MSS	MSS	MSS	MSS	MSS	MSS	MSS	MSS	MSS	MSS	MSS	MSS	MSS	MSS	MSS	MSS	MSS	MSS	MSS	MSS	MSS
ERR2760888	MSS	MSS	MSS	MSS	MSS	MSS	MSS	MSS	MSS	MSS	MSS	MSS	MSS	MSS	MSS	MSS	MSS	MSS	MSS	MSS	MSS	MSS	MSS	MSS	MSS
ERR2760889	MSS	MSS	MSS	MSS	MSS	MSS	MSS	MSS	MSS	MSS	MSS	MSS	MSS	MSS	MSS	MSS	MSS	MSS	MSS	MSS	MSS	MSS	MSS	MSS	MSS
ERR2760857	MSS	MSS	MSS	MSS	MSS	MSS	MSS	MSS	MSS	MSS	MSS	MSS	MSS	MSS	MSS	MSS	MSS	MSS	MSS	MSS	MSS	MSS	MSS	MSS	MSS
ERR2760858	MSS	MSS	MSS	MSS	MSS	MSS	MSS	MSS	MSS	MSS	MSS	MSS	MSS	MSS	MSS	MSS	MSS	MSS	MSS	MSS	MSS	MSS	MSS	MSS	MSS
ERR2760859	MSS	MSS	MSS	MSS	MSS	MSS	MSS	MSS	MSS	MSS	MSS	MSS	MSS	MSS	MSS	MSS	MSS	MSS	MSS	MSS	MSS	MSS	MSS	MSS	MSS
ERR2760890	MSS	MSS	MSS	MSS	MSS	MSS	MSS	MSS	MSS	MSS	MSS	MSS	MSS	MSS	MSS	MSS	MSS	MSS	MSS	MSS	MSS	MSS	MSS	MSS	MSS
ERR2760891	MSS	MSS	MSS	MSS	MSS	MSS	MSS	MSS	MSS	MSS	MSS	MSS	MSS	MSS	MSS	MSS	MSS	MSS	MSS	MSS	MSS	MSS	MSS	MSS	MSS
ERR2760892	MSS	MSS	MSS	MSS	MSS	MSS	MSS	MSS	MSS	MSS	MSS	MSS	MSS	MSS	MSS	MSS	MSS	MSS	MSS	MSS	MSS	MSS	MSS	MSS	MSS
ERR2760893	MSS	MSS	MSS	MSS	MSS	MSS	MSS	MSS	MSS	MSS	MSS	MSS	MSS	MSS	MSS	MSS	MSS	MSS	MSS	MSS	MSS	MSS	MSS	MSS	MSS
ERR2760894	MSS	MSS	MSS	MSS	MSS	MSS	MSS	MSS	MSS	MSS	MSS	MSS	MSS	MSS	MSS	MSS	MSS	MSS	MSS	MSS	MSS	MSS	MSS	MSS	MSS
ERR2760895	MSS	MSS	MSS	MSS	MSS	MSS	MSS	MSS	MSS	MSS	MSS	MSS	MSS	MSS	MSS	MSS	MSS	MSS	MSS	MSS	MSS	MSS	MSS	MSS	MSS
ERR2760896	MSS	MSS	MSS	MSS	MSS	MSS	MSS	MSS	MSS	MSS	MSS	MSS	MSS	MSS	MSS	MSS	MSS	MSS	MSS	MSS	MSS	MSS	MSS	MSS	MSS
ERR2760897	MSS	MSS	MSS	MSS	MSS	MSS	MSS	MSS	MSS	MSS	MSS	MSS	MSS	MSS	MSS	MSS	MSS	MSS	MSS	MSS	MSS	MSS	MSS	MSS	MSS
ERR2760898	MSS	MSS	MSS	MSS	MSS	MSS	MSS	MSS	MSS	MSS	MSS	MSS	MSS	MSS	MSS	MSS	MSS	MSS	MSS	MSS	MSS	MSS	MSS	MSS	MSS
ERR2760899	MSS	MSS	MSS	MSS	MSS	MSS	MSS	MSS	MSS	MSS	MSS	MSS	MSS	MSS	MSS	MSS	MSS	MSS	MSS	MSS	MSS	MSS	MSS	MSS	MSS
ERR2760900	MSS	MSS	MSS	MSS	MSS	MSS	MSS	MSS	MSS	MSS	MSS	MSS	MSS	MSS	MSS	MSS	MSS	MSS	MSS	MSS	MSS	MSS	MSS	MSS	MSS
ERR2760901	MSS	MSS	MSS	MSS	MSS	MSS	MSS	MSS	MSS	MSS	MSS	MSS	MSS	MSS	MSS	MSS	MSS	MSS	MSS	MSS	MSS	MSS	MSS	MSS	MSS
ERR2760902	MSS	MSS	MSS	MSS	MSS	MSS	MSS	MSS	MSS	MSS	MSS	MSS	MSS	MSS	MSS	MSS	MSS	MSS	MSS	MSS	MSS	MSS	MSS	MSS	MSS
ERR2760903	MSS	MSS	MSS	MSS	MSS	MSS	MSS	MSS	MSS	MSS	MSS	MSS	MSS	MSS	MSS	MSS	MSS	MSS	MSS	MSS	MSS	MSS	MSS	MSS	MSS
ERR2760904	MSS	MSS	MSS	MSS	MSS	MSS	MSS	MSS	MSS	MSS	MSS	MSS	MSS	MSS	MSS	MSS	MSS	MSS	MSS	MSS	MSS	MSS	MSS	MSS	MSS
ERR2760905	MSS	MSS	MSS	MSS	MSS	MSS	MSS	MSS	MSS	MSS	MSS	MSS	MSS	MSS	MSS	MSS	MSS	MSS	MSS	MSS	MSS	MSS	MSS	MSS	MSS
ERR2760906	MSS	MSS	MSS	MSS	MSS	MSS	MSS	MSS	MSS	MSS	MSS	MSS	MSS	MSS	MSS	MSS	MSS	MSS	MSS	MSS	MSS	MSS	MSS	MSS	MSS
ERR2760907	MSS	MSS	MSS	MSS	MSS	MSS	MSS	MSS	MSS	MSS	MSS	MSS	MSS	MSS	MSS	MSS	MSS	MSS	MSS	MSS	MSS	MSS	MSS	MSS	MSS
ERR2760908	MSI	MSI	MSI	MSI	MSI	MSI	MSI	MSI	MSI	MSI	MSI	MSI	MSI	MSI	MSI	MSI	MSI	MSI	MSI	MSI	MSI	MSI	MSI	MSI	MSI
ERR2760909	MSI	MSI	MSI	MSI	MSI	MSI	MSI	MSI	MSI	MSI	MSI	MSI	MSI	MSI	MSI	MSI	MSI	MSI	MSI	MSI	MSI	MSI	MSI	MSI	MSI
ERR2760910	MSI	MSI	MSI	MSI	MSI	MSI	MSI	MSI	MSI	MSI	MSI	MSI	MSI	MSI	MSI	MSI	MSI	MSI	MSI	MSI	MSI	MSI	MSI	MSI	MSI
ERR2760911	MSI	MSI	MSI	MSI	MSI	MSI	MSI	MSI	MSI	MSI	MSI	MSI	MSI	MSI	MSI	MSI	MSI	MSI	MSI	MSI	MSI	MSI	MSI	MSI	MSI
ERR2760912	MSI	MSI	MSI	MSI	MSI	MSI	MSI	MSI	MSI	MSI	MSI	MSI	MSI	MSI	MSI	MSI	MSI	MSI	MSI	MSI	MSI	MSI	MSI	MSI	MSI
ERR2760913	MSI	MSI	MSI	MSI	MSI	MSI	MSI	MSI	MSI	MSI	MSI	MSI	MSI	MSI	MSI	MSI	MSI	MSI	MSI	MSI	MSI	MSI	MSI	MSI	MSI
ERR2760914	MSI	MSI	MSI	MSI	MSI	MSI	MSI	MSI	MSI	MSI	MSI	MSI	MSI	MSI	MSI	MSI	MSI	MSI	MSI	MSI	MSI	MSI	MSI	MSI	MSI
ERR2760915	MSI	MSI	MSI	MSI	MSI	MSI	MSI	MSI	MSI	MSI	MSI	MSI	MSI	MSI	MSI	MSI	MSI	MSI	MSI	MSI	MSI	MSI	MSI	MSI	MSI
ERR2760916	MSI	MSI	MSI	MSI	MSI	MSI	MSI	MSI	MSI	MSI	MSI	MSI	MSI	MSI	MSI	MSI	MSI	MSI	MSI	MSI	MSI	MSI	MSI	MSI	MSI
ERR2760917	MSI	MSI	MSI	MSI	MSI	MSI	MSI	MSI	MSI	MSI	MSI	MSI	MSI	MSI	MSI	MSI	MSI	MSI	MSI	MSI	MSI	MSI	MSI	MSI	MSI
ERR2760918	MSI	MSI	MSI	MSI	MSI	MSI	MSI	MSI	MSI	MSI	MSI	MSI	MSI	MSI	MSI	MSI	MSI	MSI	MSI	MSI	MSI	MSI	MSI	MSI	MSI
ERR2760919	MSI	MSI	MSI	MSI	MSI	MSI	MSI	MSI	MSI	MSI	MSI	MSI	MSI	MSI	MSI	MSI	MSI	MSI	MSI	MSI	MSI	MSI	MSI	MSI	MSI
ERR2760920	MSI	MSI	MSI	MSI	MSI	MSI	MSI	MSI	MSI	MSI	MSI	MSI	MSI	MSI	MSI	MSI	MSI	MSI	MSI	MSI	MSI	MSI	MSI	MSI	MSI
ERR2760921	MSI	MSI	MSI	MSI	MSI	MSI	MSI	MSI	MSI	MSI	MSI	MSI	MSI	MSI	MSI	MSI	MSI	MSI	MSI	MSI	MSI	MSI	MSI	MSI	MSI
ERR2760922	MSI	MSI	MSI	MSI	MSI	MSI	MSI	MSI	MSI	MSI	MSI	MSI	MSI	MSI	MSI	MSI	MSI	MSI	MSI	MSI	MSI	MSI	MSI	MSI	MSI
ERR2760923	MSI	MSI	MSI	MSI	MSI	MSI	MSI	MSI	MSI	MSI	MSI	MSI	MSI	MSI	MSI	MSI	MSI	MSI	MSI	MSI	MSI	MSI	MSI	MSI	MSI
ERR2760924	MSI	MSI	MSI	MSI	MSI	MSI	MSI	MSI	MSI	MSI	MSI	MSI	MSI	MSI	MSI	MSI	MSI	MSI	MSI	MSI	MSI	MSI	MSI	MSI	MSI
ERR2760925	MSI	MSI	MSI	MSI	MSI	MSI	MSI	MSI	MSI	MSI	MSI	MSI	MSI	MSI	MSI	MSI	MSI	MSI	MSI	MSI	MSI	MSI	MSI	MSI	MSI
ERR2760926	MSI	MSI	MSI	MSI	MSI	MSI	MSI	MSI	MSI	MSI	MSI	MSI	MSI	MSI	MSI	MSI	MSI	MSI	MSI	MSI	MSI	MSI	MSI	MSI	MSI
ERR2760927	MSI	MSI	MSI	MSI	MSI	MSI	MSI	MSI	MSI	MSI	MSI	MSI	MSI	MSI	MSI	MSI	MSI	MSI	MSI	MSI	MSI	MSI	MSI	MSI	MSI
ERR2760928	MSI	MSI	MSI	MSI	MSI	MSI	MSI	MSI	MSI	MSI	MSI	MSI	MSI	MSI	MSI	MSI	MSI	MSI	MSI	MSI	MSI	MSI	MSI	MSI	MSI
ERR2760929	MSI	MSI	MSI	MSI	MSI	MSI	MSI	MSI	MSI	MSI	MSI	MSI	MSI	MSI	MSI	MSI	MSI	MSI	MSI	MSI	MSI	MSI	MSI	MSI	MSI
ERR2760930	MSI	MSI	MSI	MSI	MSI	MSI	MSI	MSI	MSI	MSI	MSI	MSI	MSI	MSI	MSI	MSI	MSI	MSI	MSI	MSI	MSI	MSI	MSI	MSI	MSI
ERR2760931	MSI	MSI	MSI	MSI	MSI	MSI	MSI	MSI	MSI	MSI	MSI	MSI	MSI	MSI	MSI	MSI	MSI	MSI	MSI	MSI	MSI	MSI	MSI	MSI	MSI
ERR2760932	MSI	MSI	MSI	MSI	MSI	MSI	MSI	MSI	MSI	MSI	MSI	MSI	MSI	MSI	MSI	MSI	MSI	MSI	MSI	MSI	MSI	MSI	MSI	MSI	MSI
ERR2760933	MSI	MSI	MSI	MSI	MSI	MSI	MSI	MSI	MSI	MSI	MSI	MSI	MSI	MSI	MSI	MSI	MSI	MSI	MSI	MSI	MSI	MSI	MSI	MSI	MSI
ERR2760934	MSI	MSI	MSI	MSI	MSI	MSI	MSI	MSI	MSI	MSI	MSI	MSI	MSI	MSI	MSI	MSI	MSI	MSI	MSI	MSI	MSI	MSI	MSI	MSI	MSI
ERR2760935	MSI	MSI	MSI	MSI	MSI	MSI	MSI	MSI	MSI	MSI	MSI	MSI	MSI	MSI	MSI	MSI	MSI	MSI	MSI	MSI	MSI	MSI	MSI	MSI	MSI
ERR2760936	MSI	MSI	MSI	MSI	MSI	MSI	MSI	MSI	MSI	MSI	MSI	MSI	MSI	MSI	MSI	MSI	MSI	MSI	MSI	MSI	MSI	MSI	MSI	MSI	MSI
ERR2760937	MSS	MSS	MSS	MSS	MSS	MSS	MSS	MSS	MSS	MSS	MSS	MSS	MSS	MSS	MSS	MSS	MSS	MSS	MSS	MSS	MSS	MSS	MSS	MSS	MSS
ERR2760938	MSS	MSS	MSS	MSS	MSS	MSS	MSS	MSS	MSS	MSS	MSS	MSS	MSS	MSS	MSS	MSS	MSS	MSS	MSS	MSS	MSS	MSS	MSS	MSS	MSS
ERR2760939	MSS	MSS	MSS	MSS	MSS	MSS	MSS	MSS	MSS	MSS	MSS	MSS	MSS	MSS	MSS	MSS	MSS	MSS	MSS	MSS	MSS	MSS	MSS	MSS	MSS
ERR2760940	MSI	MSI	MSI	MSI	MSI	MSI	MSI	MSI	MSI	MSI	MSI	MSI	MSI	MSI	MSI	MSI	MSI	MSI	MSI	MSI	MSI	MSI	MSI	MSI	MSI
ERR2760941	MSI	MSI	MSI	MSI	MSI	MSI	MSI	MSI	MSI	MSI	MSI	MSI	MSI	MSI	MSI	MSI	MSI	MSI	MSI	MSI	MSI	MSI	MSI	MSI	MSI
ERR2760942	MSI	MSI	MSI	MSI	MSI	MSI	MSI	MSI	MSI	MSI	MSI	MSI	MSI	MSI	MSI	MSI	MSI	MSI	MSI	MSI	MSI	MSI	MSI	MSI	MSI
ERR2760943	MSI	MSI	MSI	MSI	MSI	MSI	MSI	MSI	MSI	MSI	MSI	MSI	MSI	MSI	MSI	MSI	MSI	MSI	MSI	MSI	MSI	MSI	MSI	MSI	MSI
ERR2760944	MSS	MSS	MSS	MSS	MSS	MSS	MSS	MSS	MSS	MSS	MSS	MSS	MSS	MSS	MSS	MSS	MSS	MSS	MSS	MSS	MSS	MSS	MSS	MSS	MSS
ERR2760945	MSI	MSI	MSI	MSI	MSI	MSI	MSI	MSI	MSI	MSI	MSI	MSI	MSI	MSI	MSI	MSI	MSI	MSI	MSI	MSI	MSI	MSI	MSI	MSI	MSI
ERR2760946	MSI	MSI	MSI	MSI	MSI	MSI	MSI	MSI	MSI	MSI	MSI	MSI	MSI	MSI	MSI	MSI	MSI	MSI	MSI	MSI	MSI	MSI	MSI	MSI	MSI
ERR2760947	MSI	MSI	MSI	MSI	MSI	MSI	MSI	MSI	MSI	MSI	MSI	MSI	MSI	MSI	MSI	MSI	MSI	MSI	MSI	MSI	MSI	MSI	MSI	MSI	MSI
ERR2760948	MSI	MSI	MSI	MSI	MSI	MSI	MSI	MSI	MSI	MSI	MSI	MSI	MSI	MSI	MSI	MSI	MSI	MSI	MSI	MSI	MSI	MSI	MSI	MSI	MSI
ERR2760949	MSI	MSI	MSI	MSI	MSI	MSI	MSI	MSI	MSI	MSI	MSI	MSI	MSI	MSI	MSI	MSI	MSI	MSI	MSI	MSI	MSI	MSI	MSI	MSI	MSI
ERR2760950	MSI	MSI	MSI	MSI	MSI	MSI	MSI	MSI	MSI	MSI	MSI	MSI	MSI	MSI	MSI	MSI	MSI	MSI	MSI	MSI	MSI	MSI	MSI	MSI	MSI
ERR2760951	MSI	MSI	MSI	MSI	MSI	MSI	MSI	MSI	MSI	MSI	MSI	MSI	MSI	MSI	MSI	MSI	MSI	MSI	MSI	MSI	MSI	MSI	MSI	MSI	MSI
ERR2760952	MSI	MSI	MSI	MSI	MSI	MSI	MSI	MSI	MSI	MSI	MSI	MSI	MSI	MSI	MSI	MSI	MSI	MSI	MSI	MSI	MSI	MSI	MSI	MSI	MSI
ERR2760953	MSI	MSI	MSI	MSI	MSI	MSI	MSI	MSI	MSI	MSI	MSI	MSI	MSI	MSI	MSI	MSI	MSI	MSI	MSI	MSI	MSI	MSI	MSI	MSI	MSI
ERR2760954	MSI	MSI	MSI	MSI	MSI	MSI	MSI	MSI	MSI	MSI	MSI	MSI	MSI	MSI	MSI	MSI	MSI	MSI	MSI	MSI	MSI	MSI	MSI	MSI	MSI
ERR2760955	MSI	MSI	MSI	MSI	MSI	MSI	MSI	MSI	MSI	MSI	MSI	MSI	MSI	MSI	MSI	MSI	MSI	MSI	MSI	MSI	MSI	MSI	MSI	MSI	MSI
ERR2762825	MSI	MSI	MSI	MSI	MSI	MSI	MSI	MSI	MSI	MSI	MSI	MSI	MSI	MSI	MSI	MSI	MSI	MSI	MSI	MSI	MSI	MSI	MSI	MSI	MSI
ERR2762907	MSS	MSS	MSS	MSS	MSS	MSS	MSS	MSS	MSS	MSS	MSS	MSS	MSS	MSS	MSS	MSS	MSS	MSS	MSS	MSS	MSS	MSS	MSS	MSS	MSS
ERR2762915	MSS	MSS	MSS	MSS	MSS	MSS	MSS	MSS	MSS	MSS	MSS	MSS	MSS	MSS	MSS	MSS	MSS	MSS	MSS	MSS	MSS	MSS	MSS	MSS	MSS
ERR2762923	MSI	MSI	MSI	MSI	MSI	MSI	MSI	MSI	MSI	MSI	MSI	MSI	MSI	MSI	MSI	MSI	MSI	MSI	MSI	MSI	MSI	MSI	MSI	MSI	MSI
ERR2762931	MSI	MSI	MSI	MSI	MSI	MSI	MSI	MSI	MSI	MSI	MSI	MSI	MSI	MSI	MSI	MSI	MSI	MSI	MSI	MSI	MSI	MSI	MSI	MSI	MSI
ERR2762937	MSI	MSI	MSI	MSI	MSI	MSI	MSI	MSI	MSI	MSI	MSI	MSI	MSI	MSI	MSI	MSI	MSI	MSI	MSI	MSI	MSI	MSI	MSI	MSI	MSI
ERR2762943	MSI	MSI	MSI	MSI	MSI	MSI	MSI	MSI	MSI	MSI	MSI	MSI	MSI	MSI	MSI	MSI	MSI	MSI	MSI	MSI	MSI	MSI	MSI	MSI	MSI
ERR2762949	MSS	MSS	MSS	MSS	MSS	MSS	MSS	MSS	MSS	MSS	MSS	MSS	MSS	MSS	MSS	MSS	MSS	MSS	MSS	MSS	MSS	MSS	MSS	MSS	MSS
ERR2762955	MSS	MSS	MSS	MSS	MSS	MSS	MSS	MSS	MSS	MSS	MSS	MSS	MSS	MSS	MSS	MSS	MSS	MSS	MSS	MSS	MSS	MSS	MSS	MSS	MSS
ERR2762961	MSS	MSS	MSS	MSS	MSS	MSS	MSS	MSS	MSS	MSS	MSS	MSS	MSS	MSS	MSS	MSS	MSS	MSS	MSS	MSS	MSS	MSS	MSS	MSS	MSS
ERR2763039	MSI	MSI	MSI	MSI	MSI	MSI	MSI	MSI	MSI	MSI	MSI	MSI	MSI	MSI	MSI	MSI	MSI	MSI	MSI	MSI	MSI	MSI	MSI	MSI	MSI
ERR2763040	MSI	MSI	MSI	MSI	MSI	MSI	MSI	MSI	MSI	MSI	MSI	MSI	MSI	MSI	MSI	MSI	MSI	MSI	MSI	MSI	MSI	MSI	MSI	MSI	MSI
ERR2763041	MSS	MSS	MSS	MSS	MSS	MSS	MSS	MSS	MSS	MSS	MSS	MSS	MSS	MSS	MSS	MSS	MSS	MSS	MSS	MSS	MSS	MSS	MSS	MSS	MSS
ERR2763042	MSS	MSS	MSS	MSS	MSS	MSS	MSS	MSS	MSS	MSS	MSS	MSS	MSS	MSS	MSS	MSS	MSS	MSS	MSS	MSS	MSS	MSS	MSS	MSS	MSS
ERR2763043	MSI	MSI	MSI	MSI	MSI	MSI	MSI	MSI	MSI	MSI	MSI	MSI	MSI	MSI	MSI	MSI	MSI	MSI	MSI	MSI	MSI	MSI	MSI	MSI	MSI
ERR2763044	MSS	MSS	MSS	MSS	MSS	MSS	MSS	MSS	MSS	MSS	MSS	MSS	MSS	MSS	MSS	MSS	MSS	MSS	MSS	MSS	MSS	MSS	MSS	MSS	MSS
ERR2763045	MSS	MSS	MSS	MSS	MSS	MSS	MSS	MSS	MSS	MSS	MSS	MSS	MSS	MSS	MSS	MSS	MSS	MSS	MSS	MSS	MSS	MSS	MSS	MSS	MSS
ERR2763046	MSI	MSI	MSI	MSI	MSI	MSI	MSI	MSI	MSI	MSI	MSI	MSI	MSI	MSI	MSI	MSI	MSI	MSI	MSI	MSI	MSI	MSI	MSI	MSI	MSI
ERR2763047	MSI	MSI	MSI	MSI	MSI	MSI	MSI	MSI	MSI	MSI	MSI	MSI	MSI	MSI	MSI	MSI	MSI	MSI	MSI	MSI	MSI	MSI	MSI	MSI	MSI
ERR2763048	MSI	MSI	MSI	MSI	MSI	MSI	MSI	MSI	MSI	MSI	MSI	MSI	MSI	MSI	MSI	MSI	MSI	MSI	MSI	MSI	MSI	MSI	MSI	MSI	MSI
ERR2763049	MSI	MSI	MSI	MSI	MSI	MSI	MSI	MSI	MSI	MSI	MSI	MSI	MSI	MSI	MSI	MSI	MSI	MSI	MSI	MSI	MSI	MSI	MSI	MSI	MSI
ERR2763050	MSI	MSI	MSI	MSI	MSI	MSI	MSI	MSI	MSI	MSI	MSI	MSI	MSI	MSI	MSI	MSI	MSI	MSI	MSI	MSI	MSI	MSI	MSI	MSI	MSI
ERR2763051	MSS	MSS	MSS	MSS	MSS	MSS	MSS	MSS	MSS	MSS	MSS	MSS	MSS	MSS	MSS	MSS	MSS	MSS	MSS	MSS	MSS	MSS	MSS	MSS	MSS
ERR2763052	MSI	MSI	MSI	MSI	MSI	MSI	MSI	MSI	MSI	MSI	MSI	MSI	MSI	MSI	MSI	MSI	MSI	MSI	MSI	MSI	MSI	MSI	MSI	MSI	MSI
ERR2763053	MSS	MSS	MSS	MSS	MSS	MSS	MSS	MSS	MSS	MSS	MSS	MSS	MSS	MSS	MSS	MSS	MSS	MSS	MSS	MSS	MSS	MSS	MSS	MSS	MSS
ERR2763054	MSS	MSS	MSS	MSS	MSS	MSS	MSS	MSS	MSS	MSS	MSS	MSS	MSS	MSS	MSS	MSS	MSS	MSS	MSS	MSS	MSS	MSS	MSS	MSS	MSS
ERR2763055	MSS	MSS	MSS	MSS	MSS	MSS	MSS	MSS	MSS	MSS	MSS	MSS	MSS	MSS	MSS	MSS	MSS	MSS	MSS	MSS	MSS	MSS	MSS	MSS	MSS
ERR2763056	MSS	MSS	MSS	MSS	MSS	MSS	MSS	MSS	MSS	MSS	MSS	MSS	MSS	MSS	MSS	MSS	MSS	MSS	MSS	MSS	MSS	MSS	MSS	MSS	MSS
ERR2763057	MSS	MSS	MSS	MSS	MSS	MSS	MSS	MSS	MSS	MSS	MSS	MSS	MSS	MSS	MSS	MSS	MSS	MSS	MSS	MSS	MSS	MSS	MSS	MSS	MSS
ERR2763058	MSS	MSS	MSS	MSS	MSS	MSS	MSS	MSS	MSS	MSS	MSS	MSS	MSS	MSS	MSS	MSS	MSS	MSS	MSS	MSS	MSS	MSS	MSS	MSS	MSS
ERR2763059	MSI	MSI	MSI	MSI	MSI	MSI	MSI	MSI	MSI	MSI	MSI	MSI	MSI	MSI	MSI	MSI	MSI	MSI	MSI	MSI	MSI	MSI	MSI	MSI	MSI
ERR2763060	MSI	MSI	MSI	MSI	MSI	MSI	MSI	MSI	MSI	MSI	MSI	MSI	MSI	MSI	MSI	MSI	MSI	MSI	MSI	MSI	MSI	MSI	MSI	MSI	MSI
ERR2763061	MSI	MSI	MSI	MSI	MSI	MSI	MSI	MSI	MSI	MSI	MSI	MSI	MSI	MSI	MSI	MSI	MSI	MSI	MSI	MSI	MSI	MSI	MSI	MSI	MSI
ERR2763062	MSS	MSS	MSS	MSS	MSS	MSS	MSS	MSS	MSS	MSS	MSS	MSS	MSS	MSS	MSS	MSS	MSS	MSS	MSS	MSS	MSS	MSS	MSS	MSS	MSS
ERR2763063	MSI	MSI	MSI	MSI	MSI	MSI	MSI	MSI	MSI	MSI	MSI	MSI	MSI	MSI	MSI	MSI	MSI	MSI	MSI	MSI	MSI	MSI	MSI	MSI	MSI
ERR2763064	MSS	MSS	MSS	MSS	MSS	MSS	MSS	MSS	MSS	MSS	MSS	MSS	MSS	MSS	MSS	MSS	MSS	MSS	MSS	MSS	MSS	MSS	MSS	MSS	MSS
ERR2763065	MSI	MSI	MSI	MSI	MSI	MSI	MSI	MSI	MSI	MSI	MSI	MSI	MSI	MSI	MSI	MSI	MSI	MSI	MSI	MSI	MSI	MSI	MSI	MSI	MSI
ERR2763066	MSI	MSI	MSI	MSI	MSI	MSI	MSI	MSI	MSI	MSI	MSI	MSI	MSI	MSI	MSI	MSI	MSI	MSI	MSI	MSI	MSI	MSI	MSI	MSI	MSI
ERR2763067	MSI	MSI	MSI	MSI	MSI	MSI	MSI	MSI	MSI	MSI	MSI	MSI	MSI	MSI	MSI	MSI	MSI	MSI	MSI	MSI	MSI	MSI	MSI	MSI	MSI
ERR2763068	MSS	MSS	MSS	MSS	MSS	MSS	MSS	MSS	MSS	MSS	MSS	MSS	MSS	MSS	MSS	MSS	MSS	MSS	MSS	MSS	MSS	MSS	MSS	MSS	MSS
ERR2763069	MSS	MSS	MSS	MSS	MSS	MSS	MSS	MSS	MSS	MSS	MSS	MSS	MSS	MSS	MSS	MSS	MSS	MSS	MSS	MSS	MSS	MSS	MSS	MSS	MSS
ERR2763070	MSS	MSS	MSS	MSS	MSS	MSS	MSS	MSS	MSS	MSS	MSS	MSS	MSS	MSS	MSS	MSS	MSS	MSS	MSS	MSS	MSS	MSS	MSS	MSS	MSS
ERR2763071	MSI	MSI	MSI	MSI	MSI	MSI	MSI	MSI	MSI	MSI	MSI	MSI	MSI	MSI	MSI	MSI	MSI	MSI	MSI	MSI	MSI	MSI	MSI	MSI	MSI
ERR2763072	MSS	MSS	MSS	MSS	MSS	MSS	MSS	MSS	MSS	MSS	MSS	MSS	MSS	MSS	MSS	MSS	MSS	MSS	MSS	MSS	MSS	MSS	MSS	MSS	MSS
ERR2763073	MSS	MSS	MSS	MSS	MSS	MSS	MSS	MSS	MSS	MSS	MSS	MSS	MSS	MSS	MSS	MSS	MSS	MSS	MSS	MSS	MSS	MSS	MSS	MSS	MSS
ERR2763074	MSI	MSI	MSI	MSI	MSI	MSI	MSI	MSI	MSI	MSI	MSI	MSI	MSI	MSI	MSI	MSI	MSI	MSI	MSI	MSI	MSI	MSI	MSI	MSI	MSI
ERR2763075	MSI	MSI	MSI	MSI	MSI	MSI	MSI	MSI	MSI	MSI	MSI	MSI	MSI	MSI	MSI	MSI	MSI	MSI	MSI	MSI	MSI	MSI	MSI	MSI	MSI
ERR2763076	MSI	MSI	MSI	MSI	MSI	MSI	MSI	MSI	MSI	MSI	MSI	MSI	MSI	MSI	MSI	MSI	MSI	MSI	MSI	MSI	MSI	MSI	MSI	MSI	MSI
ERR2763077	MSS	MSS	MSS	MSS	MSS	MSS	MSS	MSS	MSS	MSS	MSS	MSS	MSS	MSS	MSS	MSS	MSS	MSS	MSS	MSS	MSS	MSS	MSS	MSS	MSS
ERR2763078	MSI	MSI	MSI	MSI	MSI	MSI	MSI	MSI	MSI	MSI	MSI	MSI	MSI	MSI	MSI	MSI	MSI	MSI	MSI	MSI	MSI	MSI	MSI	MSI	MSI
ERR2763079	MSS	MSS	MSS	MSS	MSS	MSS	MSS	MSS	MSS	MSS	MSS	MSS	MSS	MSS	MSS	MSS	MSS	MSS	MSS	MSS	MSS	MSS	MSS	MSS	MSS
ERR2763080	MSI	MSI	MSI	MSI	MSI	MSI	MSI	MSI	MSI	MSI	MSI	MSI	MSI	MSI	MSI	MSI	MSI	MSI	MSI	MSI	MSI	MSI	MSI	MSI	MSI
ERR2763081	MSS	MSS	MSS	MSS	MSS	MSS	MSS	MSS	MSS	MSS	MSS	MSS	MSS	MSS	MSS	MSS	MSS	MSS	MSS	MSS	MSS	MSS	MSS	MSS	MSS
ERR2763082	MSS	MSS	MSS	MSS	MSS	MSS	MSS	MSS	MSS	MSS	MSS	MSS	MSS	MSS	MSS	MSS	MSS	MSS	MSS	MSS	MSS	MSS	MSS	MSS	MSS
ERR2763083	MSI	MSI	MSI	MSI	MSI	MSI	MSI	MSI	MSI	MSI	MSI	MSI	MSI	MSI	MSI	MSI	MSI	MSI	MSI	MSI	MSI	MSI	MSI	MSI	MSI
ERR2763084	MSI	MSI	MSI	MSI	MSI	MSI	MSI	MSI	MSI	MSI	MSI	MSI	MSI	MSI	MSI	MSI	MSI	MSI	MSI	MSI	MSI	MSI	MSI	MSI	MSI
ERR2763085	MSI	MSI	MSI	MSI	MSI	MSI	MSI	MSI	MSI	MSI	MSI	MSI	MSI	MSI	MSI	MSI	MSI	MSI	MSI	MSI	MSI	MSI	MSI	MSI	MSI
ERR2763086	MSI	MSI	MSI	MSI	MSI	MSI	MSI	MSI	MSI	MSI	MSI	MSI	MSI	MSI	MSI	MSI	MSI	MSI	MSI	MSI	MSI	MSI	MSI	MSI	MSI
ERR2763087	MSS	MSS	MSS	MSS	MSS	MSS	MSS	MSS	MSS	MSS	MSS	MSS	MSS	MSS	MSS	MSS	MSS	MSS	MSS	MSS	MSS	MSS	MSS	MSS	MSS
ERR2763088	MSI	MSI	MSI	MSI	MSI	MSI	MSI	MSI	MSI	MSI	MSI	MSI	MSI	MSI	MSI	MSI	MSI	MSI	MSI	MSI	MSI	MSI	MSI	MSI	MSI
ERR2763089	MSS	MSS	MSS	MSS	MSS	MSS	MSS	MSS	MSS	MSS	MSS	MSS	MSS	MSS	MSS	MSS	MSS	MSS	MSS	MSS	MSS	MSS	MSS	MSS	MSS
ERR2763090	MSI	MSI	MSI	MSI	MSI	MSI	MSI	MSI	MSI	MSI	MSI	MSI	MSI	MSI	MSI	MSI	MSI	MSI	MSI	MSI	MSI	MSI	MSI	MSI	MSI
ERR2763091	MSS	MSS	MSS	MSS	MSS	MSS	MSS	MSS	MSS	MSS	MSS	MSS	MSS	MSS	MSS	MSS	MSS	MSS	MSS	MSS	MSS	MSS	MSS	MSS	MSS
ERR2763092	MSS	MSS	MSS	MSS	MSS	MSS	MSS	MSS	MSS	MSS	MSS	MSS	MSS	MSS	MSS	MSS	MSS	MSS	MSS	MSS	MSS	MSS	MSS	MSS	MSS
ERR2763093	MSS	MSS	MSS	MSS	MSS	MSS	MSS	MSS	MSS	MSS	MSS	MSS	MSS	MSS	MSS	MSS	MSS	MSS	MSS	MSS	MSS	MSS	MSS	MSS	MSS
ERR2763094	MSI	MSI	MSI	MSI	MSI	MSI	MSI	MSI	MSI	MSI	MSI	MSI	MSI	MSI	MSI	MSI	MSI	MSI	MSI	MSI	MSI	MSI	MSI	MSI	MSI
ERR2763095	MSI	MSI	MSI	MSI	MSI	MSI	MSI	MSI	MSI	MSI	MSI	MSI	MSI	MSI	MSI	MSI	MSI	MSI	MSI	MSI	MSI	MSI	MSI	MSI	MSI
ERR2763096	MSI	MSI	MSI	MSI	MSI	MSI	MSI	MSI	MSI	MSI	MSI	MSI	MSI	MSI	MSI	MSI	MSI	MSI	MSI	MSI	MSI	MSI	MSI	MSI	MSI
ERR2763097	MSS	MSS	MSS	MSS	MSS	MSS	MSS	MSS	MSS	MSS	MSS	MSS	MSS	MSS	MSS	MSS	MSS	MSS	MSS	MSS	MSS	MSS	MSS	MSS	MSS
ERR2763098	MSS	MSS	MSS	MSS	MSS	MSS	MSS	MSS	MSS	MSS	MSS	MSS	MSS	MSS	MSS	MSS	MSS	MSS	MSS	MSS	MSS	MSS	MSS	MSS	MSS
ERR2763099	MSS	MSS	MSS	MSS	MSS	MSS	MSS	MSS	MSS	MSS	MSS	MSS	MSS	MSS	MSS	MSS	MSS	MSS	MSS	MSS	MSS	MSS	MSS	MSS	MSS
ERR2763100	MSI	MSI	MSI	MSI	MSI	MSI	MSI	MSI	MSI	MSI	MSI	MSI	MSI	MSI	MSI	MSI	MSI	MSI	MSI	MSI	MSI	MSI	MSI	MSI	MSI
ERR2763101	MSI	MSI	MSI	MSI	MSI	MSI	MSI	MSI	MSI	MSI	MSI	MSI	MSI	MSI	MSI	MSI	MSI	MSI	MSI	MSI	MSI	MSI	MSI	MSI	MSI
ERR2763102	MSI	MSI	MSI	MSI	MSI	MSI	MSI	MSI	MSI	MSI	MSI	MSI	MSI	MSI	MSI	MSI	MSI	MSI	MSI	MSI	MSI	MSI	MSI	MSI	MSI
ERR2763103	MSI	MSI	MSI	MSI	MSI	MSI	MSI	MSI	MSI	MSI	MSI	MSI	MSI	MSI	MSI	MSI	MSI	MSI	MSI	MSI	MSI	MSI	MSI	MSI	MSI
ERR2763104	MSI	MSI	MSI	MSI	MSI	MSI	MSI	MSI	MSI	MSI	MSI	MSI	MSI	MSI	MSI	MSI	MSI	MSI	MSI	MSI	MSI	MSI	MSI	MSI	MSI
ERR2763105	MSI	MSI	MSI	MSI	MSI	MSI	MSI	MSI	MSI	MSI	MSI	MSI	MSI	MSI	MSI	MSI	MSI	MSI	MSI	MSI	MSI	MSI	MSI	MSI	MSI
ERR2763106	MSI	MSI	MSI	MSI	MSI	MSI	MSI	MSI	MSI	MSI	MSI	MSI	MSI	MSI	MSI	MSI	MSI	MSI	MSI	MSI	MSI	MSI	MSI	MSI	MSI
ERR2763107	MSI	MSI	MSI	MSI	MSI	MSI	MSI	MSI	MSI	MSI	MSI	MSI	MSI	MSI	MSI	MSI	MSI	MSI	MSI	MSI	MSI	MSI	MSI	MSI	MSI
ERR2763108	MSS	MSS	MSS	MSS	MSS	MSS	MSS	MSS	MSS	MSS	MSS	MSS	MSS	MSS	MSS	MSS	MSS	MSS	MSS	MSS	MSS	MSS	MSS	MSS	MSS
ERR2763109	MSI	MSI	MSI	MSI	MSI	MSI	MSI	MSI	MSI	MSI	MSI	MSI	MSI	MSI	MSI	MSI	MSI	MSI	MSI	MSI	MSI	MSI	MSI	MSI	MSI
ERR2763110	MSI	MSI	MSI	MSI	MSI	MSI	MSI	MSI	MSI	MSI	MSI	MSI	MSI	MSI	MSI	MSI	MSI	MSI	MSI	MSI	MSI	MSI	MSI	MSI	MSI
ERR2763111	MSI	MSI	MSI	MSI	MSI	MSI	MSI	MSI	MSI	MSI	MSI	MSI	MSI	MSI	MSI	MSI	MSI	MSI	MSI	MSI	MSI	MSI	MSI	MSI	MSI
ERR2763112	MSI	MSI	MSI	MSI	MSI	MSI	MSI	MSI	MSI	MSI	MSI	MSI	MSI	MSI	MSI	MSI	MSI	MSI	MSI	MSI	MSI	MSI	MSI	MSI	MSI
ERR2763113	MSI	MSI	MSI	MSI	MSI	MSI	MSI	MSI	MSI	MSI	MSI	MSI	MSI	MSI	MSI	MSI	MSI	MSI	MSI	MSI	MSI	MSI	MSI	MSI	MSI
ERR2763114	MSI	MSI	MSI	MSI	MSI	MSI	MSI	MSI	MSI	MSI	MSI	MSI	MSI	MSI	MSI	MSI	MSI	MSI	MSI	MSI	MSI	MSI	MSI	MSI	MSI
ERR2763115	MSI	MSI	MSI	MSI	MSI	MSI	MSI	MSI	MSI	MSI	MSI	MSI	MSI	MSI	MSI	MSI	MSI	MSI	MSI	MSI	MSI	MSI	MSI	MSI	MSI
ERR2763116	MSS	MSS	MSS	MSS	MSS	MSS	MSS	MSS	MSS	MSS	MSS	MSS	MSS	MSS	MSS	MSS	MSS	MSS	MSS	MSS	MSS	MSS	MSS	MSS	MSS
ERR2763117	MSS	MSS	MSS	MSS	MSS	MSS	MSS	MSS	MSS	MSS	MSS	MSS	MSS	MSS	MSS	MSS	MSS	MSS	MSS	MSS	MSS	MSS	MSS	MSS	MSS
ERR2763118	MSS	MSS	MSS	MSS	MSS	MSS	MSS	MSS	MSS	MSS	MSS	MSS	MSS	MSS	MSS	MSS	MSS	MSS	MSS	MSS	MSS	MSS	MSS	MSS	MSS
ERR2763119	MSS	MSS	MSS	MSS	MSS	MSS	MSS	MSS	MSS	MSS	MSS	MSS	MSS	MSS	MSS	MSS	MSS	MSS	MSS	MSS	MSS	MSS	MSS	MSS	MSS
ERR2763120	MSS	MSS	MSS	MSS	MSS	MSS	MSS	MSS	MSS	MSS	MSS	MSS	MSS	MSS	MSS	MSS	MSS	MSS	MSS	MSS	MSS	MSS	MSS	MSS	MSS
ERR2763121	MSS	MSS	MSS	MSS	MSS	MSS	MSS	MSS	MSS	MSS	MSS	MSS	MSS	MSS	MSS	MSS	MSS	MSS	MSS	MSS	MSS	MSS	MSS	MSS	MSS
ERR2763122	MSS	MSS	MSS	MSS	MSS	MSS	MSS	MSS	MSS	MSS	MSS	MSS	MSS	MSS	MSS	MSS	MSS	MSS	MSS	MSS	MSS	MSS	MSS	MSS	MSS
ERR2763123	MSI	MSI	MSI	MSI	MSI	MSI	MSI	MSI	MSI	MSI	MSI	MSI	MSI	MSI	MSI	MSI	MSI	MSI	MSI	MSI	MSI	MSI	MSI	MSI	MSI
ERR2763124	MSI	MSI	MSI	MSI	MSI	MSI	MSI	MSI	MSI	MSI	MSI	MSI	MSI	MSI	MSI	MSI	MSI	MSI	MSI	MSI	MSI	MSI	MSI	MSI	MSI
ERR2763125	MSI	MSI	MSI	MSI	MSI	MSI	MSI	MSI	MSI	MSI	MSI	MSI	MSI	MSI	MSI	MSI	MSI	MSI	MSI	MSI	MSI	MSI	MSI	MSI	MSI
ERR2763126	MSI	MSI	MSI	MSI	MSI	MSI	MSI	MSI	MSI	MSI	MSI	MSI	MSI	MSI	MSI	MSI	MSI	MSI	MSI	MSI	MSI	MSI	MSI	MSI	MSI
ERR2763127	MSI	MSI	MSI	MSI	MSI	MSI	MSI	MSI	MSI	MSI	MSI	MSI	MSI	MSI	MSI	MSI	MSI	MSI	MSI	MSI	MSI	MSI	MSI	MSI	MSI
ERR2763128	MSS	MSS	MSS	MSS	MSS	MSS	MSS	MSS	MSS	MSS	MSS	MSS	MSS	MSS	MSS	MSS	MSS	MSS	MSS	MSS	MSS	MSS	MSS	MSS	MSS
ERR2763129	MSS	MSS	MSS	MSS	MSS	MSS	MSS	MSS	MSS	MSS	MSS	MSS	MSS	MSS	MSS	MSS	MSS	MSS	MSS	MSS	MSS	MSS	MSS	MSS	MSS
ERR2763130	MSS	MSS	MSS	MSS	MSS	MSS	MSS	MSS	MSS	MSS	MSS	MSS	MSS	MSS	MSS	MSS	MSS	MSS	MSS	MSS	MSS	MSS	MSS	MSS	MSS
ERR2763131	MSS	MSS	MSS	MSS	MSS	MSS	MSS	MSS	MSS	MSS	MSS	MSS	MSS	MSS	MSS	MSS	MSS	MSS	MSS	MSS	MSS	MSS	MSS	MSS	MSS
ERR2763132	MSS	MSS	MSS	MSS	MSS	MSS	MSS	MSS	MSS	MSS	MSS	MSS	MSS	MSS	MSS	MSS	MSS	MSS	MSS	MSS	MSS	MSS	MSS	MSS	MSS
ERR2763133	MSS	MSS	MSS	MSS	MSS	MSS	MSS	MSS	MSS	MSS	MSS	MSS	MSS	MSS	MSS	MSS	MSS	MSS	MSS	MSS	MSS	MSS	MSS	MSS	MSS
ERR2763134	MSS	MSS	MSS	MSS	MSS	MSS	MSS	MSS	MSS	MSS	MSS	MSS	MSS	MSS	MSS	MSS	MSS	MSS	MSS	MSS	MSS	MSS	MSS	MSS	MSS
ERR2763135	MSS	MSS	MSS	MSS	MSS	MSS	MSS	MSS	MSS	MSS	MSS	MSS	MSS	MSS	MSS	MSS	MSS	MSS	MSS	MSS	MSS	MSS	MSS	MSS	MSS
ERR2763137	MSI	MSI	MSI	MSI	MSI	MSI	MSI	MSI	MSI	MSI	MSI	MSI	MSI	MSI	MSI	MSI	MSI	MSI	MSI	MSI	MSI	MSI	MSI	MSI	MSI
ERR2763138	MSS	MSS	MSS	MSS	MSS	MSS	MSS	MSS	MSS	MSS	MSS	MSS	MSS	MSS	MSS	MSS	MSS	MSS	MSS	MSS	MSS	MSS	MSS	MSS	MSS
